607959,139158,26313,23922,4679,20462,29655,2826
921630,233763,82747,53509,82804,85354,75950,59782
680467,24506,7205,4833,1938,1284,483,258
785526,88381,34155,23923,21353,37453,15483,6643
1134734,99475,62302,26832,148661,104173,54530,8788
1055969,320742,72074,199942,170269,452908,167971,123401
570100,14550,4220,9319,6726,5138,1652,1135
923263,224484,5385,42632,139468,87134,45755,86691
630258,73274,5468,19762,54020,46610,2877,4317
2801348,970819,298679,229005,635327,460120,514430,202992
1325228,168687,241160,87514,165566,105520,56413,17180
884648,376845,135343,74014,144826,132335,17330,22487
1173105,85726,71963,52551,25487,26531,4269,5351
1994908,43319,18334,13081,10521,7287,2189,826
641051,673338,139844,106193,144063,163224,42216,11297
2563470,233339,109453,122886,72016,40749,26634,15870
373367,20364,16724,10418,6596,6255,2368,704
1001414,345210,153978,204890,242459,215986,46963,13905
2031750,373445,25611,19321,9809,8829,4260,4919
1090599,32807,4665,15527,49906,10914,1715,940
622561,88522,147373,36868,16076,8451,942,916
1170106,78972,12168,31059,10912,16265,5592,2295
1801925,36585,8062,1277,1812,4269,1795,311
1599213,304438,17194,78916,43648,123855,135753,76505
465439,13936,8780,12642,2210,3038,352,123
529989,17401,32859,32837,8064,3348,3209,2262
628236,186061,9655,29563,36689,18346,3287,2869
585038,135758,170069,86861,36140,61317,48453,33830
1981239,56446,11490,9564,14349,12361,3085,6664
849223,314660,132774,28398,46094,134687,133152,173527
1642501,566935,398516,342054,265217,210013,24251,5462
1739480,221828,59587,296221,69727,107248,27085,6606
1327820,901964,191304,58667,47817,38847,15295,9728
738721,37043,11654,8912,13603,8873,6744,2855
688042,310845,191456,125621,52696,8680,6547,4139
226075,84607,9807,41763,48464,14968,12343,1872
648888,15858,2843,1968,5187,9510,7182,1199
1235086,243765,304918,370621,264449,80426,49682,32366
347285,12287,14361,6517,12880,11855,5488,1693
336931,61047,22885,23801,24069,14192,3753,1855
1000264,135897,11747,53333,67536,42332,21772,43005
920171,205650,82680,18525,10585,20864,13306,8706
942656,1156856,856560,440337,209134,129579,59137,38018
905503,251554,92577,88364,114931,116750,42442,42449
2441238,44506,16329,47092,61218,89886,42957,15829
865419,25286,15703,4117,18273,7820,4361,5838
2006003,293073,61624,134229,29558,27583,8543,22745
1362952,61920,19529,8666,4714,2684,1048,636
1097133,123391,267485,246171,162360,131479,80088,39591
21987,9115,2970,2067,1234,705,222,148
1586628,1113905,960928,758489,425030,81349,44250,28541
526895,28057,4379,6238,19725,23289,1676,1403
1003703,145516,11156,18151,8151,3999,2052,1528
1837813,361157,16213,7614,48533,46857,5074,1016
66947,94220,99540,77323,24719,7761,2698,882
388163,10564,59461,50304,66216,44599,20998,4365
568115,79000,24450,4629,3656,35090,1693,1394
507756,369600,222736,128076,35762,7533,3984,6209
783102,217517,11221,22194,25459,32579,12638,9171
2275970,405240,276012,196675,179298,87091,13232,7717
489984,6936,7397,3593,1271,1277,215,259
2002682,235289,166975,103275,70905,16030,13919,9041
995158,198511,149245,118033,201465,111963,132399,75943
653558,383152,312188,159145,66050,62313,55471,24189
1139026,501308,270227,250003,22246,33755,51691,69911
493740,114708,32847,23675,34812,19956,11100,12930
901280,46579,13927,7812,7600,2493,2040,2191
302127,3086,533,498,359,166,31,16
674996,33604,14774,10806,4957,1389,253,121
2269161,56414,9139,35711,20131,27914,4970,2747
372069,59888,4325,1452,3079,2941,383,243
739939,31329,5245,6287,7258,8986,2348,707
618926,96406,16651,8709,3743,10838,3385,1499
262748,25364,9343,678,1243,2824,213,163
846460,36658,2486,8924,5752,11220,2150,590
1673913,158803,13562,38936,30726,75261,71705,56543
380382,35284,15013,8741,3274,5320,1901,1175
585527,50970,3569,6261,4917,3891,3700,1989
901170,113996,2335,31352,21937,38579,4206,980
810540,88437,10832,49375,86857,61778,2454,996
2376973,135876,23158,7833,15216,42044,13651,14284
972890,12272,5876,4024,5837,15317,4033,1860
2316438,107203,16822,31086,36234,15060,3597,1819
1057737,58153,17149,9265,7082,5507,1075,394
346053,3048,377,721,1307,1387,100,91
828645,15824,9492,9258,6692,5188,781,858
690202,556457,449194,111393,166271,152823,34017,29478
558432,23907,9891,3915,3210,2358,642,501
1752888,388189,229040,70335,152106,105855,112399,140490
757003,586476,311890,71242,31618,103372,149533,261598
914918,98391,44169,85460,118393,60027,11850,5045
206604,52010,34541,31044,15227,21033,14110,9101
31051,23455,34209,72856,26406,5255,2216,1569
155262,10042,1323,1980,3094,8925,1638,693
840671,128735,17953,5410,16489,26429,5013,962
102842,8001,2375,4117,3191,1394,1366,1522
104064,7129,2812,3941,3368,1396,1435,1547
113838,10392,4096,5158,3768,1580,1065,987
158760,12384,3293,5148,4220,2056,1448,1652
120902,23224,1781,1232,7866,2050,1918,3859
1224650,646746,251828,181085,184489,189413,179598,44915
1289832,29257,40541,19333,25690,31990,35268,8672
591372,227366,164741,304202,175652,148246,118394,64512
1390306,61502,121673,70804,91577,983825,332061,65487
214636,53146,40348,27561,17887,8229,6133,5491
1217173,98114,75608,76702,158599,412286,200337,100590
1454832,166220,69671,19821,161707,976045,225210,114962
732690,36652,30117,129186,118729,747623,250885,53448
726168,28811,56688,212863,279766,532854,121038,60115
956558,633971,30502,38222,57520,40609,10258,2104
1559503,38370,155834,146961,85470,43291,19330,12348
1213081,170899,100164,39373,58020,42281,15479,22785
834013,58543,74836,91903,88668,45652,85403,8245
709146,498876,70696,23745,96249,25209,12653,29623
798801,217307,17304,15434,17690,10994,15101,4998
2347730,69729,155627,115001,21973,99179,36905,65685
326632,15629,6412,44782,20384,38472,22647,6842
524088,84670,36555,19285,6417,28676,18560,11253
1953064,178160,165815,129412,24547,206578,38600,54370
1976247,205185,114830,78120,43243,199623,41728,37324
545683,19962,30902,38329,13942,33906,9434,9804
265811,57398,20701,79646,16074,39674,10364,7177
384732,27584,6004,64313,24712,32759,10867,6249
158681,45964,17271,34645,12881,32775,6640,8912
660124,27611,13690,57042,7875,29892,18249,5510
489119,78206,93182,131141,45769,91547,43321,43109
427665,35147,27925,22490,12317,27377,19599,8633
410984,39321,34162,9308,20078,22602,9948,10146
411546,9042,1700,42213,8899,53062,21520,18263
2296963,167752,149801,171791,45872,108739,57831,26781
1132281,537881,81365,137278,60113,91174,59881,26569
432430,92382,14139,4920,8403,13649,11547,9266
2818501,248201,68379,52155,32066,96327,30574,33498
393326,41221,6920,33790,21905,27626,7835,17296
1223565,429104,45838,62192,96102,88132,94110,61456
10146,3644,6854,1242,10522,2218,1461,2403
1852595,292754,89006,87895,94234,52609,33026,29697
312610,102972,2694,16705,5622,20685,16364,10791
2160976,190099,127860,65577,125618,91047,21798,48797
1468333,122077,56175,27215,44921,128327,98486,81477
2592097,103964,36186,88778,106698,77020,38830,22612
269082,57810,22619,14150,42435,31822,9669,22019
775020,44077,5958,21190,12447,21113,8161,11058
311622,123816,11606,6845,9265,16872,9472,18262
429829,12782,9143,8680,13245,14498,10390,13939
981739,71508,84656,132700,43202,46716,42563,63165
1369728,421270,3387,176466,57131,33408,65762,98369
989693,159002,174544,85765,64717,102659,18312,31778
974235,203969,208589,243032,70344,140471,73123,28805
1268834,683873,172406,154010,56568,75216,37828,66303
363609,265144,82290,241553,149343,52836,54717,33864
316266,459471,164295,42130,28978,150330,101660,29214
344500,153909,327193,89651,45055,86080,52606,28548
770798,429944,77378,8719,26318,47332,48723,48107
1552694,24022,7849,11339,37900,23144,18015,17514
1810575,16760,2513,2869,22689,16156,5088,11785
1599337,21384,2304,5854,37901,12012,11534,13411
480995,18544,18598,6527,31280,10511,9488,13404
1340414,59033,25765,4738,18577,31830,10576,6410
93322,13411,6331,20702,14631,11645,9972,10143
98098,22370,9454,8221,20272,8856,7117,10587
771642,110395,54441,61251,40224,47925,19737,16832
2182573,926062,76473,9936,153768,600222,443663,385472
245181,20900,13114,5691,29656,37915,31584,11001
896441,552899,164564,106384,19116,75669,35925,31282
2284129,396065,269958,129335,232740,574467,239988,169613
247864,87918,94187,16145,28532,20387,5909,9858
907417,601250,96316,32279,43772,198203,68298,44248
100098,68363,17210,4377,7371,15700,6779,14906
1930131,13498,14027,5122,15147,12133,5227,4142
1847300,34673,13124,8664,16535,14219,5515,8977
1766431,39293,13434,8809,21171,7596,16460,6266
1351805,578829,105873,74003,57507,120367,73824,35381
1547995,55380,12760,2847,19929,13403,11959,11275
347003,250547,175250,61988,81104,78312,28586,33685
1141027,45699,8765,7097,12021,22647,9793,11799
304875,529179,163369,42887,22336,55837,54121,25612
257464,218337,249035,78603,74821,52527,26568,59729
1231094,183317,85412,209400,60883,56317,57227,60424
532978,68019,27362,26113,29841,22557,19556,12922
2523676,133996,93985,74392,110945,48473,41378,72336
487782,128605,84750,10643,32297,10018,7304,11974
875481,13023,54111,28092,35307,13204,8691,6890
764577,1245053,63152,151316,70323,88432,51533,67603
1375832,419336,123236,42512,92337,34479,29554,48023
243225,45614,11426,41053,5918,16576,7414,11465
105123,44317,31157,34713,14602,20784,18213,11559
437762,84853,13408,2932,14071,10448,3650,7804
39609,7718,628,401,7711,2223,1705,2002
1381011,16497,9763,12501,23638,36453,17525,7532
134167,119526,30408,24745,17901,19393,8487,12213
951556,106904,29125,8487,27646,32025,6066,6828
1508668,1123723,216987,41082,82820,52841,42702,17826
1685625,642729,138352,52537,107215,115339,58138,39070
1064371,741853,171252,76280,161256,106186,72215,51782
544530,207547,39441,46224,22647,61096,95298,61813
175341,30022,12185,13767,4329,15340,16604,6319
955500,293222,170874,191034,57156,96683,58015,22373
259724,49638,40386,36729,10777,9399,13359,5274
1177586,255122,62016,181511,91320,67551,47841,62369
10005,1706,1810,1351,12722,3250,2671,7030
1193898,99261,1722,6614,17915,12162,9683,6247
1220854,48364,13339,8965,15279,11061,15159,8643
743870,78722,45303,28197,19784,19717,12227,10824
223769,93495,17118,11305,12313,5287,11151,6585
70878,181952,39492,14652,11658,8259,13618,4263
135929,106861,16569,32237,13150,4539,15415,7630
136768,38649,14766,61859,8109,20150,9031,19165
81270,556511,34114,30747,3659,15554,20138,10661
110711,225032,28104,66431,15481,14574,10540,10974
182917,598311,7156,22646,6603,14228,11627,12881
70424,437874,69280,30992,8800,15326,5329,11902
473511,1245220,204908,94705,126011,41851,69189,60385
336519,201694,15515,95267,65582,40461,24375,12933
824809,394598,102227,88995,119997,52414,16670,36347
469751,399373,145302,155882,101203,46923,30314,21556
2208156,117882,40734,65672,36579,114655,70319,26080
478579,1437578,16114,35555,48624,112573,29693,18524
310495,216386,15308,131632,12624,40710,20872,19467
978120,784082,66895,23906,39459,65873,16716,21287
1044545,148803,93580,104144,65888,48484,41386,24350
807794,1275545,889015,92693,55177,87150,62543,34196
1322224,379446,121416,127103,59391,61493,23852,20789
1009657,591563,40470,90360,28770,33681,36559,29732
971513,188657,208465,157266,64368,74685,27205,23703
468485,682091,157442,73897,146568,50115,29994,28257
909000,79808,39742,208983,20941,56480,38699,39144
93913,40915,8482,29508,5449,9569,10228,9425
539289,191767,6481,56534,37316,24286,46760,29464
596060,560801,68104,100227,49653,66011,37544,17640
1118319,840002,362853,291823,73588,192739,106747,72957
1210930,958710,449238,356297,72876,166918,112360,81687
57883,37963,18754,20014,4387,13747,19962,3613
30219,6510,3205,31867,6085,9559,5774,2154
354356,44609,80990,87593,21203,48579,10898,12970
1792916,294821,92283,98468,100125,98071,45703,27206
605896,212820,22824,71135,9946,54045,8101,2012
1007224,84225,18753,48093,16034,20325,9775,15486
718356,163635,11578,62022,13086,49185,10682,5158
693612,137815,7452,25499,26352,19143,15548,15049
223414,101413,10078,83911,17113,29506,66807,7433
337659,19583,12307,100141,20943,75654,7189,5499
25145,42744,9886,12497,1643,7140,6509,2479
20460,29703,6129,16444,2135,9509,7493,4435
25587,21172,3859,14126,803,9213,8762,4216
20396,48674,531,18938,5320,10213,2685,2386
43003,40627,1333,16513,5862,6456,4798,4856
238737,217606,10658,62969,27506,51577,8698,18373
677480,66280,17218,114461,10218,36601,5826,8050
906255,148387,6363,123582,21278,47810,29234,29157
690500,812031,20017,35704,50411,50737,40340,6442
146286,25964,1873,21697,4243,12563,7358,2940
183205,208553,3806,121419,9733,101449,7081,3920
270180,152568,6353,84916,4647,86423,8985,7499
817842,208993,35519,93413,16462,34934,30019,5369
298475,28601,3142,112511,1719,98826,7549,8851
308107,33518,8699,114219,5983,103208,5330,4356
250334,62939,4834,120163,2561,99313,7151,7411
996029,91242,26162,48028,26864,28007,22810,8836
712217,173189,15288,57089,19825,75011,51892,18241
123655,14598,10696,7903,6870,13178,7081,1356
1154278,114248,14186,61014,37956,60823,91786,16918
493999,59357,14898,97279,8912,42625,47513,8222
509520,135170,3074,70850,21687,82807,3204,4202
145860,31531,13984,105016,8966,102613,1284,4596
157158,83740,13768,91862,11891,127103,2666,5168
249217,65536,17618,67196,27725,57081,6185,4688
214053,68116,1871,78209,1699,38524,36149,4518
1773062,913748,48134,207054,19038,378703,10509,8691
885576,32093,18327,37457,7573,18219,13411,5426
87164,45770,2224,23471,1634,32512,2182,930
2373151,194608,27611,38025,137966,56568,65823,6506
1361998,87005,47535,100455,21578,161896,4698,5755
141290,8582,1156,5070,2197,3686,905,146
1034487,70729,86527,90793,41133,66857,13168,6550
742090,27964,6109,47636,13084,11756,27052,4632
322246,20244,1860,15075,10770,6160,4886,1881
1019959,11010,1031,8572,6539,5160,5052,1656
976914,174717,17856,64497,56712,21108,15609,3015
1680160,61420,2379,76895,30592,23818,20647,3406
1485170,147712,16904,69831,15711,23629,17242,5629
445687,95611,45100,17592,52279,111530,12304,3217
533672,92456,25623,8836,13380,70680,12414,2936
909368,21079,2738,47266,27583,14960,70085,1628
386385,69654,18644,8775,12221,44945,6702,3877
656321,310646,68604,21445,45757,10967,17662,1951
1379816,145376,22975,25885,68436,43365,26458,2136
1255321,101368,11331,63293,11521,18307,23374,4112
626603,329430,96111,404405,50207,59175,144234,7970
174594,14839,8864,107073,15219,19818,14424,3894
810135,10934,9629,3693,3716,5584,7818,670
86212,5453,3614,7704,6547,4772,4328,400
848601,39002,19519,33875,11356,13808,12045,4832
950792,42786,14039,8375,14023,9862,4487,2610
126866,15718,4983,7640,1085,3180,4065,2604
114296,34757,7801,13485,7906,4531,2885,2160
1575699,77572,9169,164982,7301,44094,33895,4895
113346,6909,1686,8762,3193,3807,6112,1486
727846,32225,3282,57253,5206,17018,8166,6150
141921,6421,2285,8542,1250,4146,2819,1520
476931,62917,7199,35047,11723,18348,12591,7943
1628328,52682,10422,18370,20532,8676,10097,4335
2209356,194497,17728,219412,17024,104600,22156,6808
498539,52147,1782,59485,3877,40739,981,2999
1855285,119091,47500,215748,7757,57351,22519,10630
177310,22268,2969,9616,639,3025,3463,3459
153678,6118,2728,8767,841,5006,2126,1814
983094,165568,3372,143809,18286,161825,15812,8378
837065,85980,2882,207334,22821,188256,5867,10917
145894,34197,7197,5475,1022,4167,1864,2293
472042,27288,17626,29610,12066,33240,6673,3993
184629,111710,4187,48179,8484,47563,2684,2310
314995,95607,1296,41267,7576,48178,3339,2090
249133,104611,575,46748,11048,45675,4784,1447
1293409,452238,5265,165908,25865,178770,19572,7937
393760,49953,7342,36876,4672,39013,4828,3232
580345,53253,8229,33894,7233,33671,4416,3293
649847,57079,10572,30468,4911,39012,4955,4077
67689,9059,680,7528,2950,3414,4821,4803
635762,16709,5896,20190,5052,30068,3766,4215
746606,39906,3366,13481,17390,26410,3654,3471
2076497,90224,5892,116888,30921,167730,7146,4077
1512942,49586,12671,112586,25628,196873,12459,4499
1399696,67149,18675,88525,30220,191236,9251,3910
1449447,45961,5599,93147,28873,218167,9637,5891
112851,47008,9181,11401,9223,37183,4875,1262
1415910,164461,13456,78403,25736,206266,10562,2149
71927,8262,688,9772,830,10880,892,1354
1460129,110926,7233,61580,18346,230066,8828,2937
64318,5611,181,8636,2032,10613,1259,1232
2468694,91157,30803,31753,54406,187284,8638,1992
1453393,156880,18796,106244,13798,171515,6488,4767
663791,31997,5737,22217,5885,46192,1277,689
1554713,180503,13354,88883,29702,181972,12149,3335
77175,42019,7524,5587,10780,33458,2999,1604
1068701,88002,2226,101441,14669,155020,7811,5878
747953,287268,50000,117372,12704,57090,12358,5148
530638,24428,6309,27164,7948,44665,5646,2987
289145,25625,6127,19047,13458,41746,3245,1188
570166,15348,1696,10144,11283,37965,2232,874
313897,184345,31183,89784,4405,45331,21244,4760
264189,250112,12221,126639,31653,57074,20953,3998
111331,5157,34,6910,1550,7298,323,451
123472,4187,250,5752,2131,8118,360,356
815405,107781,1178,110084,21731,180023,8190,8207
915300,106953,1255,99151,16230,171547,6305,5562
662649,98681,4164,28676,4385,31472,2174,1414
1115230,162684,2065,90493,12892,35662,91582,5690
409369,128906,15671,108762,14308,235384,3151,7269
618298,75651,19183,45285,99713,251309,3702,4702
627727,156716,46075,75910,13968,189768,20748,5131
452563,54696,35264,128363,19918,208669,6105,7678
1018725,150571,19804,64655,15499,24065,26354,4441
656675,69801,9365,25467,3569,7247,10586,1667
667400,12245,1763,7120,10306,7795,11879,941
892806,41834,13997,37452,21729,54094,25879,2188
41987,46814,935,15742,3792,1954,2819,501
639725,26881,15752,31777,43338,8191,10819,1979
3046160,45030,108166,85729,112520,29776,19885,10717
892225,131523,34221,19247,19832,13801,9093,786
762239,94007,27191,7127,12134,16378,17980,1280
900422,952908,67021,80599,62181,96980,20185,9985
202967,12123,9175,15385,5234,3609,1685,731
55025,57637,11117,7053,12366,4193,3237,775
255789,8808,3457,3333,3755,1375,1262,762
2135049,88703,25594,80244,239643,63801,13721,16363
1357848,105430,75558,29513,18521,10750,16532,2388
1208697,489025,382266,252917,114037,62206,32629,13761
1525495,99236,19654,30498,36632,16414,11584,966
669948,28679,10496,5723,13211,4190,1205,1516
1218424,286593,107716,127273,58899,77619,31490,13766
89526,5234,165,5780,5698,7944,2802,399
63353,75507,5670,9703,1539,7686,8267,681
598172,378825,39569,19268,69812,35993,20753,5121
2845955,143274,26043,26657,48961,43856,14610,2533
1365949,210465,5665,94684,10504,17285,9730,1886
351254,118533,13351,126996,5371,9611,15241,4142
351751,7222,1424,5572,7740,27212,1264,1036
1068591,36707,32305,11166,39134,18028,27586,2139
797747,132918,4644,42966,20651,145692,7841,1776
927632,52485,15396,44024,23464,122236,12112,1903
228194,31069,1517,14320,4635,27050,804,697
1019946,153419,2711,63478,16660,94277,3556,3347
1030529,144037,8499,49415,11554,101709,2140,1922
199354,9345,1536,1805,1484,2468,287,162
822665,100160,6453,64822,6801,56451,8771,3988
626576,4925,5674,7383,4660,22063,455,811
833622,22573,5013,46895,47579,27682,18139,3086
234074,95160,8897,55820,17458,138537,2400,2942
643880,128964,21739,55345,7553,93886,7723,5275
162160,201335,1680,106395,5031,55482,7830,4585
866379,59061,45542,32796,12704,35516,13325,1740
2429078,120505,30406,35632,46894,100636,7907,3249
1246234,130816,7091,22400,10253,109546,1783,781
510304,34413,3517,36173,19681,125770,9671,2005
847501,75233,22255,28934,9903,62750,15483,5440
661335,11299,1357,5259,2188,29017,1502,193
250991,8274,3555,6241,11186,9757,1915,1438
1167641,37148,8766,8661,5138,7945,6785,884
3699748,97027,29856,17107,64683,20112,41492,1473
664539,20476,12315,4234,13495,3014,16727,858
846628,42096,21166,16086,36348,50859,23659,1739
1786076,124640,2068,144720,93670,295019,54770,6613
46717,7463,2871,1475,7078,20469,1793,1185
378655,9889,4231,6471,2106,8774,5865,362
1639663,1011744,105195,142142,281791,225084,49762,14984
596776,8575,6551,10837,8895,4503,3254,629
82180,17577,806,13175,3246,30237,1267,426
556753,108586,17465,46685,15126,31148,11741,3958
702370,218560,37990,25518,17962,10958,9336,1301
686297,320979,108795,109005,61355,47848,17675,4039
41884,36255,2545,4148,4995,2312,1196,203
987181,295201,20964,46861,43030,23407,12378,3952
47919,84252,17451,5371,4497,12551,2630,2359
770773,46158,57724,7920,9536,14368,5264,1771
74048,6047,5435,4207,1630,1407,1962,165
750071,170742,31849,10997,10174,13221,5371,1150
1128596,35505,21826,20473,12359,7183,2741,1540
1506175,810354,817409,73751,325593,382536,53220,12902
61984,92272,108437,29747,10863,24438,3441,2415
1879360,417983,144060,8448,28249,59208,17105,13650
1009482,388171,178927,135027,130093,26261,15710,9263
707475,168192,12072,13496,12561,10637,6808,2268
232407,49343,20379,30612,30954,11444,2901,1085
975831,155318,79064,54690,17356,40876,9215,8117
279735,23055,34332,20460,7996,14815,6843,1682
163014,16752,23212,5182,5212,5697,729,357
44373,13887,2445,2152,959,6514,469,159
564822,442509,39921,64318,119999,46316,11310,14643
520017,158299,28984,54599,16995,9157,6514,3424
2190711,352747,69195,42812,32291,18661,6174,1984
1172506,728115,205785,155756,39280,24349,29196,6793
682727,16231,5657,4023,11049,21366,16360,5634
322385,20710,1446,1175,1054,1890,753,147
1789547,45378,12534,32490,14144,10207,755,896
599124,408177,142849,240274,117430,82973,21850,4127
1523175,262688,2821,19836,17788,5422,2914,741
1016982,67170,107034,5928,11846,15107,5443,1570
85142,16826,4612,3637,2289,1257,622,136
2040401,76245,96158,40167,6868,28833,7314,2691
2171090,495158,63687,129456,89571,73424,27931,9961
1581324,200156,16071,27765,90367,44620,4443,2926
824618,278936,61633,27294,6903,15772,7367,8227
1407406,79460,3080,52360,17332,16428,18372,4746
635415,80632,9964,5693,12248,4242,1540,637
2213687,24639,9215,14416,14591,9163,2812,1821
182036,3569,6448,3346,1242,2787,319,90
667510,102696,6941,19951,25659,22544,3930,2151
584874,23602,15430,14000,3522,8777,1740,792
680741,632121,69593,39625,37156,47744,14415,4735
121614,45095,34715,11633,18010,6134,1490,936
1380928,1815507,321677,258319,83665,294689,73019,23508
168274,171648,39589,6195,11504,7390,2812,621
1323869,185366,45669,7666,52403,10874,12498,3857
1799117,149387,165717,13768,34804,35245,5812,3347
384307,15664,14640,2427,9427,20959,3994,1031
2542472,200351,19342,25409,45967,32290,14892,3852
1656970,490485,65890,59703,28195,25157,6924,8545
2344804,244897,74528,129968,56456,59761,14347,11474
1233310,143199,14607,30570,14618,10369,2599,1420
69036,64514,13094,3590,4900,3744,836,254
837989,49491,71055,3416,9516,6083,7866,1271
592659,6253,8118,5164,1684,1597,1064,254
717871,73094,12694,23619,7332,9190,1726,1529
890908,521866,39865,143694,58588,32355,22754,5304
234633,256244,50887,5393,14889,10512,2660,1774
1398163,605438,529529,64346,102125,39207,18698,5888
869637,92316,48356,52426,41308,8785,5143,978
195762,40300,2545,2382,2493,2905,787,823
779442,18901,10137,19236,3818,3562,1245,585
150674,26472,3076,14021,5633,7888,3052,1163
910532,221587,23107,60204,74549,37807,18480,6259
967486,895595,85717,83585,22661,34706,9732,2681
1183594,209389,33768,18748,25195,41891,15228,3482
797785,256979,49167,36320,66983,54044,31118,35807
712191,429773,87222,123526,42336,59216,32830,5192
343046,553178,182108,34372,45664,30403,3453,6693
269557,287805,145281,48278,136347,15209,19076,4351
943904,181490,7500,16050,3461,5147,1869,1138
1564066,88954,53549,46251,54266,23350,17966,7098
963466,167944,154059,88573,53833,19809,16354,7838
78789,122059,16685,3403,25259,3409,2461,1335
685662,321765,57619,86430,33523,28176,17548,2301
1718639,998468,491109,198608,86823,94765,42132,23122
2180964,2149042,354517,183085,78317,97267,27010,8999
126227,46680,32527,4251,13097,8449,2119,338
108260,90004,10770,6822,2333,3211,1181,196
2522059,815540,177812,40936,124659,87993,15492,11226
181573,190318,80426,22957,31857,6826,3180,2213
615762,594684,16503,46205,15031,6188,6085,2277
165265,27390,3550,14888,6104,1774,1267,745
1598906,205470,22077,33674,34129,9392,5758,2554
1652968,508172,62906,77049,136248,31925,18392,5229
646288,115839,36350,21159,11126,5809,6258,2508
23952,126411,3264,9705,3199,2780,1759,456
973544,346423,78708,70705,12408,12634,2800,908
1549064,175051,52398,48467,4533,4930,2632,2620
875813,119436,7474,54515,15026,13838,7769,1385
513566,1187780,110465,25017,14081,30342,13131,5961
1840818,460431,123605,23555,53525,45812,34666,10006
733961,226879,47989,23395,22993,5527,6103,2028
179617,46872,17676,8298,8194,2316,1137,634
125213,41085,13225,7607,1776,5714,2404,601
61421,6026,1801,1618,1402,941,428,131
187621,42280,9572,7149,1850,1438,854,364
851497,95581,54511,13637,17861,13466,3254,2903
92508,43535,4758,4161,3058,3710,2349,604
742646,168535,52406,20231,31200,13430,4703,890
2578724,806153,229610,40348,24589,45772,15356,8258
72521,47878,7029,4448,2120,839,812,833
365947,110088,42373,8915,14351,4820,3034,903
839044,101943,80039,12882,13707,4648,3284,2459
768283,266364,25625,39187,19650,11477,12322,1912
1646069,56310,25356,32640,6955,10677,4962,1171
266590,337445,21789,4987,17109,5132,5204,2434
1212933,215662,19720,10214,26038,10894,3678,1567
1319541,94685,24466,8164,4689,12379,6666,7307
80000,91888,24286,3333,4768,3030,767,273
299371,198510,63849,13057,11248,16010,6547,1957
602651,247576,79855,19696,12476,10427,5026,4008
143193,52689,8720,3892,7557,7230,1418,428
233351,49041,12528,14216,3813,2726,1064,343
1316368,55600,34610,16483,4931,5620,2440,2048
669526,93700,16022,9788,6175,3492,3168,1005
160625,26259,3324,3760,1436,1187,510,493
1324599,119249,5533,26594,12392,4095,6490,1196
1140288,88332,12136,2396,3704,2634,3212,3226
498348,399820,52215,33819,32230,7106,5113,3584
1531794,15948,3056,2647,1917,3829,497,1249
723902,19699,12077,12278,5303,1572,1777,576
842616,161107,108012,13253,27773,37356,3930,2579
411422,173828,76786,25310,6823,7149,2648,3010
1972774,180957,30647,14442,9415,12849,2860,2268
955031,124839,29646,48377,19331,18041,5536,1313
1777665,114257,19408,43029,13007,34085,7404,5598
2432257,142011,50371,44237,7786,14914,4934,3567
729747,25509,14980,2121,2332,4261,1115,1714
1395668,212772,294675,48570,27840,41972,3776,3486
2948725,354066,217553,4547,41238,12010,8539,6767
711110,56695,21385,10504,7466,17612,3017,3082
217146,43390,8098,5585,8000,3815,4399,1397
2259719,142588,43318,21483,22901,8458,8174,6295
1302236,587436,77203,126463,99915,75992,21923,7253
107953,23069,4586,1360,2191,1007,633,381
286397,71876,4774,8911,4510,3699,1992,759
2107248,301019,80451,31557,19278,10033,10671,4687
1380798,99430,39342,13164,17479,5821,6923,1107
258239,38640,7244,9746,4198,5241,810,862
931834,56804,44762,4412,5995,3053,1310,1623
196254,17340,5201,9294,2941,3102,1276,552
1084590,292847,68880,37807,17393,16469,2250,6684
73649,74117,24385,8066,4386,2401,1219,1072
1628162,384113,290654,136905,61037,34882,21392,10260
2625012,1161227,66513,376996,39638,22326,11404,9550
398933,1997906,49787,69427,113868,32628,28217,19250
997836,257559,124546,106880,47271,17436,7919,4152
876648,94577,24405,6183,2047,5278,1506,933
436223,35481,7094,6945,7633,4176,1781,2165
1158035,1631479,506094,89187,125154,60034,21979,11968
576261,324023,30490,30477,22412,5895,6589,2977
1696309,241244,82139,23740,35237,10790,11791,2839
899493,352485,86713,17865,37004,16251,11031,4792
505713,144540,67537,19505,29052,8998,12312,6063
1709167,799758,108437,77588,78398,35390,27769,6441
608856,91352,9438,23810,16757,29392,3843,4320
312018,11397,5884,2429,1331,952,588,420
270474,234780,65737,40893,31719,17598,15583,3461
2167883,1781946,233617,315263,61019,75635,82011,10539
588451,82432,48102,15253,11602,29826,3489,3322
609326,73621,29935,16279,10687,11986,6439,3271
941617,70250,39760,13387,33945,5684,5542,2126
826713,610774,113702,165534,100199,35172,12900,14044
16964,135424,24738,10903,5102,2619,1491,718
77786,60237,12236,10069,4191,3357,1335,1269
163460,58397,10539,14008,2685,4809,3280,644
2386471,249439,9308,75342,14247,11572,8031,1765
972589,352492,32965,17914,10602,16259,6085,1272
573335,112126,70244,31772,7837,15890,5351,3214
246675,47907,12965,4395,3793,2888,1640,1088
824877,66819,159823,34451,26304,15268,5508,2409
366335,242158,92820,49061,22448,24480,8064,3251
898262,64710,7932,3024,4786,1362,1016,377
526678,83051,9784,5436,13891,4275,7904,2089
532898,90300,7738,10511,10101,5863,6109,844
261094,221524,87533,34406,23412,7095,8412,3333
1062201,697157,178455,62973,149699,76185,11920,20921
694200,39377,12804,7762,7869,3724,957,504
525982,123237,86383,23280,4422,20425,14215,2084
2540739,127893,154111,67986,26792,14430,1973,2731
1991524,51906,30942,48755,28998,7842,6901,3561
2599482,740348,249005,46512,93654,60926,19291,17367
139535,23380,4229,982,598,335,464,196
1042339,172649,11411,15334,11748,10948,5190,2506
285196,29050,6346,2324,3183,2763,3061,621
576414,64428,3689,8374,10904,2052,4292,2846
681013,59280,20359,25054,35429,8139,4884,1922
441178,38275,6099,7315,2248,1288,2372,316
2380111,86301,32572,20988,7779,6202,6697,1434
149167,31391,5448,345,1657,1354,1189,488
2704517,752194,267663,34525,45901,15967,23628,12273
255424,20100,17895,5759,4261,2185,2039,519
2706623,614071,15182,19692,25748,17077,7263,5336
45873,19869,4171,2804,2454,875,593,250
1453995,393205,95095,1386,35141,16358,33546,4498
147103,231229,15215,38832,11367,5717,9761,2733
268991,149380,28678,15983,10369,3346,4275,1799
1114854,231225,19215,50234,16842,13310,5167,2875
76353,19469,4290,4698,2645,1386,891,276
1231497,359978,76707,93867,21313,48778,17003,10806
832424,834845,317351,46591,24650,46986,28970,7799
1135999,69916,79536,7512,1411,7174,3284,2084
861695,115791,35591,5252,8756,3956,6688,2899
129470,19576,10142,3360,3553,3188,2835,442
73635,44043,14808,11245,3591,2122,1018,1219
481936,104486,22883,5899,3220,9589,3592,2215
112140,15591,10148,2337,2345,3324,1578,375
46101,13193,4430,1032,1039,480,362,84
197141,71877,48099,17274,12634,15691,3351,2728
193704,23277,3603,2739,1054,1783,406,598
1194779,200959,101314,36897,18627,17169,9418,4362
132119,25986,6246,1143,1620,1530,446,214
498591,790983,31246,91640,18303,12653,8274,4571
685825,575959,57754,20968,7503,24543,20683,6611
710500,187461,8381,31967,1470,6781,2077,1004
1212783,872564,164285,48083,36808,44765,13062,5598
602192,22636,19136,8956,7404,2483,1218,427
448214,147138,14541,23627,38781,20335,26853,12897
636869,19489,6171,2838,2938,1032,478,275
308331,610106,34440,27448,7632,22226,2603,2834
2599379,560337,37146,13930,11018,22150,20692,4201
1212131,99240,51956,19337,64027,28300,21739,5311
1666147,501222,182671,134090,52381,31534,17317,6128
160781,29871,2236,15712,9813,4116,1779,1898
564237,50106,9102,24502,5525,7879,5946,912
382009,203125,29917,41834,50892,68197,6667,4767
409187,28678,7094,2852,5566,2165,1554,732
241459,15390,10378,5768,3224,6731,1806,874
1293252,397617,28467,19607,30733,16921,26683,6551
21464,46131,9939,1400,1935,1443,1159,230
177124,29374,919,5790,11157,4601,3883,766
110391,57031,14998,9241,4257,2875,2859,729
158205,17531,8124,3560,5252,1689,664,212
966857,289054,192518,85868,50164,28694,8637,4254
463929,99387,30046,6065,37452,21224,10953,5128
501833,143083,9159,11438,7675,8601,7983,4832
596031,83285,5815,8443,4151,2599,1486,1603
585727,33908,4368,6814,4071,3024,2505,2471
1035836,376580,34575,38639,11984,26271,9358,5418
919941,155876,26135,25000,12126,9260,28657,3955
206637,34888,9393,4801,13358,2915,2728,1242
727735,51650,4997,5241,3167,5964,2154,1890
1701829,728874,72591,29847,60549,5320,12947,5835
598362,182887,23429,10183,21817,15611,11973,4360
508471,62559,3718,11507,2711,8127,3433,602
286633,102619,30982,17123,10947,19868,2609,1322
529869,49758,24378,12380,6954,3262,1032,311
1061433,155083,31465,7506,12866,23840,14179,2434
901147,96132,14901,24235,11974,16195,20658,5310
654732,11214,12335,2527,4466,5656,2308,657
65305,13465,7508,5125,3330,4323,2724,749
956189,210128,13205,29967,49247,22825,3958,6365
967626,41330,12646,15019,4137,4619,4262,1553
368152,21525,6768,1413,6869,3715,2066,567
216733,84947,12704,11023,3899,2516,3020,1491
76306,50091,18197,29517,8280,3663,5024,2544
149077,44099,5956,4196,3888,5788,1846,662
731123,110932,24590,14082,7386,4984,2492,760
2001343,16287,3607,4394,5113,5757,1334,1808
752233,362111,172560,28588,35451,31805,26416,19525
2335017,166026,27637,34978,11502,5504,5838,2144
1388489,50624,16845,11396,8609,2875,815,447
520871,20596,4170,2439,2477,1608,259,241
2309292,265997,269456,15618,29102,25059,17705,4258
1199471,793374,47590,29310,15376,7452,6829,7066
767265,241389,86839,70608,48204,12374,14852,3045
472825,245459,47039,56452,24854,12540,21438,3248
224680,86373,6060,16166,5347,6588,1887,779
190590,168361,14256,23340,18280,22901,11781,6142
181424,169339,9702,5144,3572,6019,2051,1088
944804,51373,28025,11361,21288,7372,7229,6357
1527841,131193,44644,21953,6056,5526,4806,903
654946,268757,58923,101045,57511,61760,7618,2913
1663304,34391,22970,14415,6273,20179,4123,2458
1467450,354108,81474,14478,102732,69439,20641,10895
581395,90036,53095,68018,28008,32206,5170,3144
1566833,679924,278532,29192,50243,67124,16643,11210
1176615,328516,12851,9355,6020,13604,2262,3014
52494,334321,13961,7833,8320,14475,2296,832
939095,67748,20750,32810,15136,2416,1757,1490
304965,48800,4060,22668,10567,9524,2202,1042
668011,244488,18550,15695,21757,8320,2267,2518
1842655,221237,162197,25342,67170,27893,17505,6377
2066227,408076,53690,13462,62765,38996,8723,4468
210450,194455,28398,14904,8070,4260,2798,1273
812622,1149170,66453,33401,40618,15425,19803,9041
89304,15696,24699,9681,3382,4091,1745,617
53234,12636,7974,630,2864,1508,1143,114
94438,14923,3566,1816,1185,2179,998,397
629755,38392,9676,13833,11039,4035,2834,643
276120,226770,44561,15708,8517,6897,4334,707
963728,231265,8199,14937,17767,9892,11181,1583
1066737,44770,5301,18615,9569,10070,8273,1085
1479811,110281,8659,17419,10962,5253,3415,2322
195050,28569,28963,10144,11758,5984,2823,563
253276,35643,17687,7093,7457,4678,4059,1470
298843,27269,41603,24782,7421,9851,1315,1374
102408,29703,5611,3044,3593,1953,884,417
1249847,176747,64911,56701,21116,16846,3945,6548
2003336,64052,67058,34527,14277,13439,3425,2054
27298,33842,5669,1010,5551,913,460,294
106637,29718,1305,2191,2268,564,554,265
312163,155618,22283,20858,28091,23858,14371,8625
660128,69621,15578,15050,17647,4284,2016,1542
1392475,180999,33367,9548,18734,7238,4183,1561
79054,78508,15128,10006,2919,2511,4293,564
743256,96557,11116,13922,3783,5214,3089,1198
210862,1122601,121747,8425,19638,23213,5403,6112
94015,10362,29036,8600,7711,3217,4048,1886
364664,213483,13747,33018,6099,8049,1729,986
1038260,187256,262794,125424,30375,24466,12988,9768
251620,63499,4172,9106,7468,2860,1002,755
286345,109016,50585,46094,18609,9924,3666,1245
931944,401981,146654,161384,118267,114890,16297,8913
1687200,217522,25557,42690,27946,39828,11691,1831
459870,55331,28800,1103,7982,6665,2876,527
189555,53511,13547,17192,3024,9627,1444,594
83900,54022,12522,2756,4036,4049,567,234
691237,24868,36971,64099,12699,12376,8017,2743
105707,25663,4558,6540,3472,1708,1013,198
63333,42313,10030,11128,2601,1841,538,254
1564330,59108,10155,37422,11526,4474,3689,1489
1112382,61118,14315,6611,6647,5183,1999,1279
987033,218898,45533,51635,13723,14824,9982,6573
374245,513306,214604,92477,39756,22750,15860,9489
874421,90059,47969,9685,4951,13838,2055,1125
1415632,14342,2064,4463,3777,2946,508,319
120741,19828,4268,3027,7295,6162,7363,1905
575413,299328,38275,38614,25563,23629,2710,1422
304984,87706,54873,26584,11235,5133,1767,1835
1071376,119577,73359,38890,99807,17226,5834,4341
167724,26059,19902,8538,5221,3203,1468,857
487505,76288,22395,7164,5791,5176,1128,1124
474701,81589,5127,21403,6725,9934,2833,1264
572912,326782,37302,8798,5758,19343,9993,3810
466668,94081,67382,40443,53918,25557,9958,2042
2243090,32166,76578,20945,8957,3145,2595,1423
347410,57264,5839,10432,9003,1488,1692,1649
1547047,210576,67965,132505,50459,53978,21475,5207
360950,17679,5543,5396,4295,5355,2380,1089
1626664,207683,17990,34589,37040,11324,13737,5919
259202,225604,69392,4530,9131,5025,2212,1035
555229,43542,18679,7941,9958,12295,3076,2576
225350,120713,47423,8105,8222,13711,3377,2572
202975,53347,8370,3183,7806,3463,740,143
160955,6302,1199,1929,3343,876,434,304
1134675,542776,126144,68618,42171,24363,7458,11190
545188,145502,29239,11413,2181,2260,1990,929
425477,47844,35143,31559,16251,2199,3261,1771
238913,69657,4352,7305,4701,5348,2515,1613
854358,154289,33714,5990,25773,9299,6807,5718
248077,28976,5799,14502,7238,4580,1313,225
218522,90609,12028,1816,7379,3608,364,874
1683241,60391,2764,14485,11615,4364,2322,1018
389965,43622,14798,53133,16387,5061,2412,746
876664,149578,18513,17911,14694,6952,2161,1993
32015,43578,3426,2677,1303,598,391,249
556874,62515,11518,17371,10493,8255,2294,1975
53466,34365,4827,10917,11234,2751,2918,1452
1200702,197322,21356,10409,3650,8051,2779,2271
339601,34143,10659,4878,3562,3802,3352,767
233239,35810,1159,2546,5076,1681,2835,1133
269278,33732,2804,7047,3037,1796,434,225
954916,627086,81664,49064,39763,13847,13880,3951
93983,98126,38654,26125,7225,17856,7058,1697
80775,97182,56811,10357,10845,11772,10307,5221
2819178,80639,12003,13773,25913,7833,6952,4944
1276514,36657,10825,10741,31914,16046,14785,4245
409125,346542,32333,9375,16948,5804,17998,4345
31788,9061,2776,8156,5924,2103,1182,504
1437855,99783,15915,45372,36000,14571,5967,4133
1469069,60485,8897,6162,7875,2168,4958,594
1281517,213575,8504,7811,34933,20676,8094,7104
5507,57128,945,2513,882,948,1317,983
1837791,151700,41021,16918,13118,7885,8782,2778
1431235,465895,49289,19357,46712,39067,10007,2260
209957,59665,12014,2270,2441,1225,3516,1273
513715,285221,64593,37651,39708,31814,14400,3850
1836504,160186,76809,47320,71550,43641,13690,5402
1414290,105035,18663,18260,11983,6022,2434,1796
187119,25289,7413,3825,1930,1359,817,495
606239,84468,77670,64400,13028,18096,9282,5420
569377,51107,9762,6150,8258,12908,2896,881
50152,45030,9483,4689,8283,440,428,196
236693,97233,9958,3379,5873,4235,6100,2315
330095,13029,2348,2244,867,1896,341,124
237396,120554,23310,19834,22805,21212,3581,1343
321198,154796,51333,9049,9374,5823,4345,2300
943966,787057,47261,29916,37286,39572,7364,14963
369828,253851,126628,4331,17728,27181,1648,2392
446246,49057,18893,4216,8491,7200,3193,437
850832,56596,3281,6485,3086,8251,858,494
890674,91502,15116,34492,3932,13479,1564,1107
434960,274675,113114,17339,35888,17990,9264,9137
144859,15253,3851,2011,1277,865,686,177
496475,102229,3237,18154,9993,3271,2835,811
825028,130907,49635,42630,20321,17534,18440,6286
578881,82841,19566,3016,5026,4309,1373,490
801361,64019,5742,4161,8146,2332,1814,1178
1751056,403752,22548,46444,26525,25216,7112,8352
1962881,286313,57094,27601,43465,18923,8268,11175
87065,24182,3670,5974,2790,1676,1998,2738
178319,9835,3710,5184,7760,6548,3515,738
450253,56792,8045,18251,6884,4136,4671,1788
534112,45063,2013,1014,816,1061,479,400
717018,6077,13576,23339,22890,17621,17821,2425
1259059,275820,41090,50317,19699,24416,11891,5099
696550,148946,11140,17805,3836,3459,1975,1567
303383,29707,47257,9423,42080,9591,11158,5947
235948,190075,85259,35760,27505,11162,14910,6430
134400,6136,9367,1557,1247,853,742,453
114009,15031,4740,11505,8027,2663,3123,811
371125,125659,5997,49796,37458,14150,3926,3970
293130,44959,13939,21191,6607,6032,2626,738
278697,108611,40688,7672,8952,2449,3576,2428
502099,257763,29833,24237,14195,7399,5619,2700
83597,107298,12583,14507,6070,5525,1396,1452
255372,48761,21363,9197,6396,3354,2113,506
2548345,112619,60525,23083,14001,12091,5647,2680
418319,19961,19411,9524,5197,2428,1840,1564
946657,1137687,305517,147903,84178,15935,7460,4813
359149,82150,10931,17588,4787,6554,3506,773
587900,306071,74414,31662,46141,22948,11347,3489
147755,160621,10612,6531,16232,8033,5422,1730
1894305,179795,78774,26911,42624,47199,11521,5306
118092,24233,1129,2291,1827,1591,258,291
429892,30807,5465,18432,45071,18323,8764,7294
627157,164470,32709,8762,70675,19936,9364,7174
102879,43156,11288,7761,7534,1933,3845,1395
61098,17699,2074,2726,2655,1620,774,369
542826,77504,8262,18643,7673,5205,3373,884
758404,346823,39402,12460,10185,8762,8316,4941
491176,281428,9309,48649,48757,9400,9912,3311
209403,45008,8082,12169,5606,1671,1510,929
1484693,95222,4580,35856,32872,8486,9623,4033
193638,72547,8870,21689,14215,11092,7541,4766
796075,113505,32238,12385,19834,21244,20447,6078
265065,63605,23173,4514,2052,1872,849,659
292977,39375,4482,2353,4613,2905,2784,959
734899,149073,23394,7978,13472,22589,9628,7503
97447,27123,2172,957,1951,982,585,249
113950,24945,6312,6041,7173,5227,1484,1625
891919,42755,29689,14432,3216,3100,622,1652
115801,77292,50806,16629,14655,15213,4401,8005
96366,10174,6266,1100,2771,977,390,245
211029,24306,9077,6204,3706,4535,648,349
173836,29645,10153,3397,7083,1511,3171,1152
1840899,117321,39806,23149,21073,16468,6068,3167
349361,94478,65363,41646,16273,11827,8623,2355
278280,96220,43884,26537,28555,27327,3779,6891
286001,65393,14062,14884,7722,5113,4289,7450
221514,285050,13767,8015,12212,9363,2159,2121
492696,147749,7785,29760,23739,10401,4637,3717
142439,25723,4163,7355,5280,4116,2937,1104
527996,23021,6876,4195,11984,4077,2440,1004
38674,33573,7163,23275,5489,4213,3309,2502
167867,85579,35744,28853,21402,12154,8783,1972
350531,25019,929,3872,1841,3095,2949,1127
133630,15246,1546,4733,4676,3536,1466,1849
2384901,482245,18038,28944,29604,19270,10208,3334
89684,28291,11780,3337,5023,3145,1359,768
642768,73497,44067,156263,45224,12069,10519,4822
311764,27133,14159,14511,24453,15625,8194,4728
683938,197146,18516,15018,34463,12101,3124,1681
921480,62369,39503,56402,20439,11067,5996,1718
169292,40056,16930,14142,4837,3833,1308,438
79989,19727,11389,2045,6415,661,497,333
253617,83274,9498,3514,14279,2670,2818,807
145583,250025,16472,5025,9259,2486,3136,2049
764513,121117,14731,73614,15027,24288,9239,5626
1416413,176033,37285,7939,27308,14608,23648,13182
335502,52723,6109,13681,3767,3060,1466,1234
68072,8935,1687,14878,6097,3462,1392,1207
13596,29053,12616,27086,22443,8628,4178,3015
1585924,97096,67126,115700,103492,35032,17056,12638
874924,32042,2157,1472,9146,5629,2027,1616
332720,32577,5144,8978,3246,4834,2289,3497
770127,99592,8768,28840,32393,11924,12548,4636
60838,10113,4458,3506,8933,2729,1605,1176
9521,12036,2149,728,1828,311,617,223
581095,123004,19867,3609,11985,7468,1112,1746
406904,35325,8210,22291,21797,14632,7117,1673
115984,15146,9415,1951,7731,3225,1438,597
54934,42845,8891,31908,18521,7168,5064,1829
733229,79557,27862,17563,22940,13513,2948,1896
1561945,146979,8110,21515,43745,9456,10649,2917
111042,54943,1857,7042,5696,2789,1762,730
1767200,193801,53226,12751,23142,10562,6549,4590
60676,34407,2949,1717,1300,1173,276,216
836981,219270,32977,15519,27514,24414,9737,4466
297334,129288,15795,21400,14378,11815,9176,2856
138123,149475,27335,8765,12879,5753,6819,2414
21408,12495,4231,240,1551,582,295,132
76983,39486,17723,46549,14005,9681,3528,3215
102720,15124,3920,4530,4480,3979,1594,1384
152732,65235,5748,8004,5934,2463,3231,802
2105896,339379,108883,8549,44492,13812,6518,2510
195909,63507,9345,19259,5839,9222,3936,4953
1295567,128525,9264,16212,20572,8597,12174,3944
78889,10639,4127,3718,407,475,556,209
1241387,39547,21580,19597,29289,7443,6241,4084
28670,90491,56801,7871,19261,7964,3000,4510
59715,24569,2963,1501,2366,824,603,187
75744,31143,29906,7731,25148,13791,9195,4574
1988493,35303,17212,5274,17771,14833,8134,3715
50659,28717,2843,4628,11342,4550,971,297
229910,64637,64938,17065,15445,2679,5209,5392
151810,21073,3350,1529,2578,1931,2899,1034
436814,177941,23744,58017,12829,4590,5934,4109
65603,105182,52372,37889,36614,16845,8057,1660
185484,41079,10820,7810,5588,4526,1827,583
7460,9595,2743,2867,1652,2664,1144,432
955257,210190,83150,32364,4468,181211,272628,172334
200846,61308,6275,6445,8658,4618,1311,1010
129815,569511,48535,31785,33696,21694,4602,2653
97509,151395,9175,37613,19955,10288,8180,2339
735088,23819,5197,14151,3555,1517,1485,1275
77604,101087,3625,4921,3614,3318,1204,1138
162776,8377,3775,5542,4335,6473,1632,1066
1042837,56238,56718,54428,12277,11937,5432,1626
39190,23342,13710,4028,2375,5485,1032,662
88029,27646,40847,40457,21294,11268,3450,2630
112510,80646,1773,5799,4675,5639,2728,903
71077,111997,29743,17321,11350,11732,7720,3512
33629,57921,44623,5968,14702,6065,4272,5359
9471,32661,19579,47958,10483,11406,5943,2340
679984,19960,28378,11547,15267,18648,5671,3214
29407,15570,1580,2032,3578,709,306,189
321108,40976,8293,3515,3238,2572,603,746
75570,7442,5390,14251,2182,2789,989,739
20690,48404,4483,11529,11207,3823,4545,5619
124820,42299,11107,6533,15187,6608,10139,4695
99223,28659,5098,1228,3759,448,510,139
53435,51245,8658,18267,14607,6743,3475,1573
34928,37967,7201,41565,4229,3217,3406,1842
591515,168882,13737,13016,18126,8495,3929,2682
109939,17059,6655,8092,2120,5031,1079,417
296925,427429,224565,79692,91435,162023,60873,32209
273707,11448,4349,1673,1614,523,167,133
445450,43593,25711,5629,8496,5771,925,1205
579233,39525,14611,2070,10897,10796,1794,1099
464375,142677,59453,42372,26076,11068,3125,2419
263739,50807,19848,33644,31223,10035,11569,3042
39028,18315,21446,30848,15023,7401,4253,1372
5883,26588,28838,23476,30546,7667,5170,3107
134493,39896,28982,55389,20573,12406,6203,3535
41544,18187,8070,9410,1622,3721,1856,655
65009,58067,55551,30964,41973,9722,11214,4006
70929,60978,38871,46203,37275,20864,8379,3592
62198,63941,68720,17529,30823,7418,7001,3932
76483,52467,4702,27853,13648,16076,8104,4867
86122,65129,15045,7209,11338,6198,1594,1563
124552,40352,3940,5189,2022,2171,2347,553
231359,15682,28089,52191,15539,6783,4960,3707
42044,27590,18989,17634,23342,10188,6740,4574
734000,139119,11283,15356,65524,11785,7650,2919
468224,82872,54347,40699,24405,10090,6887,2588
134916,8106,2119,12018,2638,1040,1697,1269
403085,35055,2403,13703,23100,8960,5276,7381
77036,13063,2767,12589,4971,1692,964,1212
51040,10332,2455,5432,6111,2534,1195,949
340055,65155,6119,3496,4740,2527,1970,1042
70782,15257,992,3043,6114,2866,1960,1074
347505,37035,3945,534,1630,498,704,354
582357,74893,16839,8653,11109,12977,8278,2356
12792,9213,2173,4326,4254,2419,1794,968
87199,11176,2190,5352,1916,1374,736,439
781281,55717,34133,29221,17389,13634,7957,3123
16752,5540,18671,6124,3411,4632,3189,880
561667,93958,35562,47612,41011,23907,7649,4840
29534,8606,1351,3649,494,1983,855,347
151799,29633,18073,5897,10142,1355,1254,412
302946,139905,2202,26054,10921,11613,14359,5857
693548,47635,19242,27267,15555,14686,5969,3900
49979,206417,2938,4769,4937,9020,16189,9543
304998,79017,31595,23524,6426,4590,2684,1421
1099512,52013,18336,42002,27882,7831,19137,7214
13261,14361,16149,5900,4824,1184,2082,601
19110,61401,3313,17825,19134,9490,8177,2631
70811,59432,22579,10155,10644,8764,4274,1897
205810,69508,47606,26133,26320,10346,5370,5444
71346,28658,18898,6672,5253,2897,1775,740
117315,8689,11347,3159,5560,1829,575,832
192760,86634,7477,11265,11169,3983,2905,2115
51116,25684,7785,5548,1222,2085,922,1114
384978,71357,8310,39289,12803,9985,5172,3667
35186,52494,15466,51868,7991,8388,1546,2825
102695,21859,2908,6440,2618,3819,1271,776
163397,131903,13987,40537,7785,7902,4830,3641
819154,64546,56673,30619,19860,19380,3491,9250
12576,7078,3559,10156,4640,1949,1407,586
68048,26067,27761,76791,27477,13367,4630,1746
51257,50256,20823,16461,2997,1577,2200,588
12713,18732,4670,20170,18359,12475,7187,2929
46318,13729,4643,10408,8933,5471,1525,1041
60355,29163,26713,28316,53615,8308,5857,4304
36994,16197,17211,10078,17404,5365,4080,3951
176662,5253,18395,4085,5023,2876,794,791
25174,69269,15770,18947,9734,7189,5555,3793
54628,12416,3230,7688,3083,1416,974,1236
327895,64346,5938,3997,6767,2043,1776,1321
4336,9709,1986,8137,5716,2190,776,795
9823,21027,7673,21023,17056,7586,3837,1724
59696,15426,5428,9437,5079,1701,1139,632
17877,39492,24773,3668,24927,9534,4097,3081
93122,11262,1412,1516,8079,5886,870,659
554556,1305041,7551,34904,46088,32505,12754,6768
999492,38363,27455,10383,9684,2973,1907,1124
67980,136238,5356,21276,9268,7828,1703,1272
2653727,127156,31252,44271,8426,18442,14294,3038
2615941,122119,27655,11207,18120,15142,7473,3606
43622,41308,63222,41356,13890,11434,11509,9230
1578325,149845,135856,88370,81392,69886,17866,3824
815854,104792,74499,25258,16599,21991,9682,6019
256854,33487,27077,12945,9079,4403,2286,1248
1421796,59903,14375,9578,5643,4839,1877,1205
1997584,71219,14194,93014,4945,13650,2874,1609
1414003,253310,105711,55520,42448,10271,11970,4355
364338,11468,18526,11127,6211,1490,1464,642
1250867,134747,34486,16609,10246,7697,2072,1697
1287261,270896,113184,16359,36175,10610,9490,3349
1542374,77096,95606,19928,29824,10798,4975,4306
189180,25991,27481,14522,16041,6476,1022,714
1408722,526482,218200,154165,29129,29568,22033,41922
1080579,166907,19042,11875,12763,20121,3869,1246
299327,27093,6179,3673,4622,1608,1216,1779
1838377,147688,57276,26349,14638,20605,9850,1201
365658,16598,7961,10728,7400,2173,1567,1752
55211,7459,2076,1413,3769,1390,611,531
1033177,39793,5953,4452,6630,2529,2039,919
97105,10384,1027,882,2593,522,458,162
175424,44510,14131,15371,11485,5491,1544,1600
1509881,148875,10713,65461,28385,6145,3731,3468
115266,50776,2234,4111,5107,4632,1821,663
276571,126231,23764,9767,7284,10827,3323,2162
767401,14860,2237,1643,1004,1450,212,148
1137558,229603,8054,30051,38003,8116,7338,3456
30553,80894,40579,10462,38300,9187,10256,2633
108525,20686,1046,12347,3464,2953,1522,1362
236665,21072,2016,2565,1307,1794,1144,582
1753891,565823,18806,23371,29464,7955,5712,2685
669977,185425,4871,23526,25651,5056,2157,1110
116982,46440,7720,3759,1762,3086,521,326
615945,5554,1845,6130,4196,4524,1564,1391
2041445,251471,65197,84610,124856,12024,3953,2532
218763,13143,14953,4543,3792,2481,482,504
695516,19715,23703,21905,12997,5113,6790,1207
916718,156603,166687,108472,86297,34573,6959,6185
942052,38429,10969,7824,3330,1465,816,612
452035,272727,67387,69947,44143,19401,6280,6956
219219,33439,10704,7409,11743,1909,1462,752
1378462,3190,1910,5593,1582,2803,1770,561
256880,215161,28138,15880,17243,11499,7321,4406
368668,62919,73909,28986,24870,13960,3776,2627
1827202,120117,27156,24689,7107,8139,9176,5261
358325,40906,231,2505,3792,4428,1960,869
2758730,160355,62542,8502,4601,8933,4061,3329
1523498,61478,105394,132036,32284,30327,5785,3471
236989,43326,3511,92123,7408,6647,10850,3971
1686927,38245,13480,6488,15719,30033,8806,2769
913536,71165,16819,18521,18936,11553,9283,3961
169200,67964,21000,30679,27283,11504,6525,2527
68010,13542,3115,12716,3793,2400,1403,1018
25482,44779,21781,28092,10676,8869,5040,4074
259183,54469,15084,11117,7379,4005,993,604
296200,46696,11998,9838,5182,2648,3184,804
484358,17204,13607,10071,20929,7938,3691,4596
290961,141965,12796,50412,16651,8213,5606,2770
106542,70110,7322,21313,51558,10218,8986,4798
30006,18279,6065,7539,11710,2547,2545,816
1375795,130637,21415,29516,27018,7740,4310,1662
113794,52304,20300,4961,7391,4652,5343,1658
596251,107370,49901,22154,13854,14896,2064,4440
18703,3990,10817,7212,10906,2871,2252,461
66223,67171,5645,4700,27102,9559,11847,2716
30641,19977,18626,3027,16721,16046,4106,2967
329578,80493,77977,11847,16944,7517,3937,3179
92270,22688,15612,12213,6860,3402,2103,588
124647,22478,6921,7353,4493,2323,1795,898
487246,160609,23780,3850,20005,8379,8221,2086
1137147,142158,32921,18892,20648,12139,15385,6688
682151,161000,4229,29604,7078,5322,764,844
89407,5919,491,680,977,1411,153,100
344366,23395,5154,4299,3114,2090,521,383
186032,34412,8038,6574,9334,5261,1524,1044
223890,75077,30766,3562,3376,2787,1680,518
266915,8273,2009,118,1857,1462,400,311
1187084,41307,85802,12513,11248,9540,12505,2188
1138339,113906,47343,32531,37175,20828,6498,5551
110549,44105,6060,5000,13096,2568,2421,1163
57881,14664,2239,1776,1454,911,829,185
2179136,46443,29532,25417,8458,28729,5093,2458
