,Time,delta,theta,lowAlpha,highAlpha,lowBeta,highBeta,lowGamma,midGamma,Meditation,Attention
76,2020.3.8.16.3.0,714853,61789,19688,5458,3660,3032,961,1089,0,0
77,2020.3.8.16.3.1,208060,48743,958,13786,6474,2866,379,274,0,0
78,2020.3.8.16.3.2,822575,101091,19533,10140,9293,5857,1682,891,48,38
79,2020.3.8.16.3.3,348434,119757,16763,4502,5208,6529,3212,1075,47,37
80,2020.3.8.16.3.4,889419,24997,18112,5220,1782,4260,1127,1322,69,53
81,2020.3.8.16.3.5,122962,88072,47606,11758,7647,6200,3551,1699,90,51
82,2020.3.8.16.3.6,687937,284205,62564,30993,26944,20290,8158,3985,90,54
83,2020.3.8.16.3.7,532555,102097,24276,9049,4256,5580,2488,846,100,51
84,2020.3.8.16.3.8,79318,83520,1666,15077,19134,3865,1734,1894,78,29
85,2020.3.8.16.3.9,1990745,555780,200983,120593,24752,17970,6058,5415,78,29
86,2020.3.8.16.3.10,537308,1595395,809886,448241,371308,820275,352520,110146,78,29
87,2020.3.8.16.3.11,388426,19821,5403,2437,1308,743,172,129,78,29
88,2020.3.8.16.3.12,42472,15921,1267,1698,421,239,98,38,78,29
89,2020.3.8.16.3.13,2045898,228319,56155,84432,27547,11941,4323,2101,75,21
90,2020.3.8.16.3.14,573301,117232,63374,9181,34828,7983,2103,1367,83,17
91,2020.3.8.16.3.15,250997,24854,11913,2286,4160,1973,344,552,88,26
92,2020.3.8.16.3.16,141078,31205,13574,8493,7828,4304,870,461,100,43
93,2020.3.8.16.3.17,247706,10989,5890,3091,17205,1546,550,442,96,66
94,2020.3.8.16.3.18,272358,51743,9136,12568,7282,5749,1975,1597,96,66
95,2020.3.8.16.3.19,1877853,84505,40162,71751,26189,25663,20283,6944,96,66
96,2020.3.8.16.3.20,670610,5837,924,4252,3226,794,242,51,96,66
97,2020.3.8.16.3.21,1827,2601,417,204,62,70,8,12,96,66
98,2020.3.8.16.3.22,3386257,505892,17536,19373,31544,21853,7444,1859,96,66
99,2020.3.8.16.3.23,207520,16974,1661,1307,1885,1659,307,211,78,80
100,2020.3.8.16.3.24,182684,50029,18217,7564,5125,1720,349,261,78,60
101,2020.3.8.16.3.25,592529,211579,12707,7018,19197,10381,3759,1091,50,44
102,2020.3.8.16.3.26,763466,149750,32562,6245,42869,8583,3235,906,43,34
103,2020.3.8.16.3.27,829049,685506,76270,60533,123468,24663,5302,3344,47,10
104,2020.3.8.16.3.28,440066,68399,41325,3221,4476,3453,1537,1538,50,17
105,2020.3.8.16.3.29,2040901,397383,21627,39496,54764,7258,8408,2838,56,1
106,2020.3.8.16.3.30,734832,133478,28233,23747,10423,17409,1574,1346,64,16
107,2020.3.8.16.3.31,791772,83491,22606,24809,2458,15685,2778,662,81,48
108,2020.3.8.16.3.32,1193382,291630,76197,8182,26157,14759,1944,4008,81,48
109,2020.3.8.16.3.35,4554,468,120,94,74,30,11,7,81,48
110,2020.3.8.16.3.36,168027,80543,698,13273,20420,11606,4734,1244,81,48
111,2020.3.8.16.3.37,1456167,62135,14752,11143,15192,8192,5370,4081,0,0
112,2020.3.8.16.4.38,997515,104917,22484,21612,23632,8868,8442,1561,0,0
113,2020.3.8.16.4.39,1163002,265145,51016,33346,18731,7876,10511,5725,0,0
114,2020.3.8.16.4.40,400800,37544,6312,5208,3970,2992,533,278,0,0
115,2020.3.8.16.4.41,1155607,41710,10804,6693,4248,4004,835,692,0,0
116,2020.3.8.16.4.42,1642942,434291,145713,79601,38545,24123,2683,3722,0,0
117,2020.3.8.16.4.43,1725438,448636,300455,96405,82372,110558,31005,3729,0,0
118,2020.3.8.16.4.44,1955105,65442,2835,3591,19702,5378,1599,1315,0,0
119,2020.3.8.16.4.45,727437,255540,37115,52367,55293,18485,7757,4251,64,57
120,2020.3.8.16.4.46,414194,45157,49750,4076,8821,6727,1482,883,87,78
121,2020.3.8.16.4.47,123309,239439,28639,13525,12029,4879,1217,1390,75,44
122,2020.3.8.16.4.48,345890,55302,43137,27478,5463,5456,2086,1044,75,17
123,2020.3.8.16.4.49,625902,616529,36764,8784,8562,18228,8211,4379,64,7
124,2020.3.8.16.4.50,733759,78088,18556,5599,3411,2396,2468,437,53,1
125,2020.3.8.16.4.51,124393,18788,6059,6126,3764,1259,402,425,63,1
126,2020.3.8.16.4.52,344224,142201,7649,4108,3500,1573,622,1613,40,1
127,2020.3.8.16.4.53,156871,94873,23970,7379,4761,4697,1896,822,53,1
128,2020.3.8.16.4.54,305507,68195,12373,4256,3405,3671,1570,2398,51,11
129,2020.3.8.16.4.55,321963,46687,5570,1466,4441,2730,269,303,40,20
130,2020.3.8.16.4.56,139515,3302,1132,1300,1303,1251,517,392,54,57
131,2020.3.8.16.4.57,592989,56104,2531,8184,5734,4959,915,565,48,66
132,2020.3.8.16.4.58,341995,176077,31527,7415,3190,2088,2681,1082,47,48
133,2020.3.8.16.4.59,869732,37735,30620,9529,2785,4344,2484,785,64,50
134,2020.3.8.16.5.0,759471,117104,13198,28376,21708,5689,3779,2647,61,27
135,2020.3.8.16.5.1,469070,25187,7730,5642,1797,1352,796,813,74,17
136,2020.3.8.16.5.2,80947,55489,15983,1617,1495,1846,548,295,77,29
137,2020.3.8.16.5.3,882011,36638,11283,34212,9746,3270,821,832,77,29
138,2020.3.8.16.5.4,394716,29692,9384,1341,5761,13107,5186,2799,77,29
139,2020.3.8.16.5.5,402237,24263,2720,2914,2675,935,190,200,77,29
140,2020.3.8.16.5.6,1216696,116645,66480,54045,47682,24765,4060,4012,74,38
141,2020.3.8.16.5.7,1338088,49418,20557,8418,5290,5378,1278,1682,78,47
142,2020.3.8.16.5.8,132874,2828,457,349,933,260,394,480,69,56
143,2020.3.8.16.5.9,77606,207117,36388,9611,6851,3639,511,2099,66,48
144,2020.3.8.16.5.10,51667,5476,2484,6952,2236,1417,274,423,70,47
145,2020.3.8.16.5.11,320702,21498,4966,11726,9417,4963,1526,869,70,54
146,2020.3.8.16.5.12,1105352,311244,62188,15428,28874,21272,11118,7659,70,51
147,2020.3.8.16.5.13,274268,76763,11814,3772,5870,3654,1461,894,70,64
148,2020.3.8.16.5.14,33683,15666,16296,2092,1950,3415,788,542,69,64
149,2020.3.8.16.5.15,79719,25219,719,3440,2233,1586,409,312,57,54
150,2020.3.8.16.5.16,1031026,117530,11922,45792,68156,9182,5908,6366,63,53
151,2020.3.8.16.5.17,243405,55725,14743,7361,2476,3307,4580,1361,67,53
152,2020.3.8.16.5.18,421690,43717,40717,4538,13653,6801,1046,1240,66,51
153,2020.3.8.16.5.19,60212,12826,1747,1636,2630,1678,310,265,67,60
154,2020.3.8.16.5.20,84774,21297,16050,10156,10365,3113,1214,894,77,63
155,2020.3.8.16.5.21,157369,23083,1629,445,8969,1337,546,220,60,66
156,2020.3.8.16.5.22,450467,78189,60003,25510,13364,9095,5112,5661,61,61
157,2020.3.8.16.5.23,262992,20866,19815,7278,5488,1249,4125,2190,78,43
158,2020.3.8.16.5.24,742811,103255,10146,26332,27571,9054,9256,2860,67,43
159,2020.3.8.16.5.25,1562475,120224,25311,11563,25244,12537,4636,2740,81,48
160,2020.3.8.16.5.26,1081915,84581,33307,42704,45996,24513,4760,3074,77,60
161,2020.3.8.16.5.27,375068,13406,3051,3199,2884,962,210,139,77,60
162,2020.3.8.16.5.28,249209,23240,22305,13569,14384,6527,2633,551,77,60
163,2020.3.8.16.5.29,1703624,15301,11721,29331,21698,18218,9774,3095,74,90
164,2020.3.8.16.5.30,65875,49032,1221,821,1843,2134,1808,854,56,84
165,2020.3.8.16.5.31,10735,19867,3650,5455,4589,1793,2329,2359,60,80
166,2020.3.8.16.5.32,2132333,239355,35443,57742,101695,36902,8962,4826,53,77
167,2020.3.8.16.5.33,104070,30615,6826,22321,8707,9115,1085,267,51,66
168,2020.3.8.16.5.34,732736,77425,36667,9921,7286,6773,3737,1629,75,67
169,2020.3.8.16.5.35,612572,20391,13203,13683,8215,6700,2076,3932,83,78
170,2020.3.8.16.5.36,1206976,313652,48610,57282,26345,31129,12777,7421,83,75
171,2020.3.8.16.5.37,92113,53408,10596,4048,7028,4397,1089,235,74,64
172,2020.3.8.16.5.38,934338,23918,12447,8283,15666,4743,780,969,74,64
173,2020.3.8.16.5.39,43496,31689,6468,4546,2768,1422,510,226,67,60
174,2020.3.8.16.5.40,1684380,44328,13687,8880,6914,3228,1244,433,67,60
175,2020.3.8.16.5.41,1082006,132264,4469,11988,43819,10120,7991,1874,48,48
176,2020.3.8.16.5.42,1773819,99183,6246,46108,33070,13593,8129,4086,51,50
177,2020.3.8.16.5.43,940735,33313,25959,4888,2535,5242,3396,941,63,53
178,2020.3.8.16.5.44,1005447,41172,2043,3300,8324,4759,3392,602,51,66
179,2020.3.8.16.5.45,144524,16071,3329,887,2755,787,402,219,60,61
180,2020.3.8.16.5.46,1567348,212838,103584,72003,39261,12744,4717,6215,64,50
181,2020.3.8.16.5.47,525197,63165,3272,6541,5261,4013,1007,830,48,47
182,2020.3.8.16.5.48,115153,33184,3134,1831,1971,2375,1110,501,51,40
183,2020.3.8.16.5.49,62058,3906,8813,8138,4582,2819,2467,740,69,54
184,2020.3.8.16.5.50,7120,29304,5134,1087,1283,2239,287,270,57,61
185,2020.3.8.16.5.51,223657,70626,6569,6750,13912,3974,1738,1812,60,60
186,2020.3.8.16.5.52,139265,133209,19913,26268,17185,24300,4157,2739,66,67
187,2020.3.8.16.5.53,1047937,90686,4043,25895,5073,4266,2344,1361,51,53
188,2020.3.8.16.5.54,1637980,106392,27488,12864,23121,57111,5582,2604,53,74
189,2020.3.8.16.5.55,197886,27643,8328,6689,4063,6445,2199,1969,61,84
190,2020.3.8.16.5.56,277548,68635,28884,23037,19638,4090,13385,3830,67,66
191,2020.3.8.16.5.57,2309843,97887,70039,28027,7544,11060,5505,2531,77,70
192,2020.3.8.16.5.58,58365,30267,21162,1010,5279,1541,324,235,87,41
193,2020.3.8.16.5.59,60288,18665,13579,1662,1555,2614,1158,1335,91,35
194,2020.3.8.16.6.0,1778519,37294,37394,9188,15359,6309,5936,2207,94,43
195,2020.3.8.16.6.1,395621,58725,9449,36992,29096,14779,11531,7366,90,53
196,2020.3.8.16.6.2,208960,40122,8801,1039,2423,5943,1226,2145,80,67
197,2020.3.8.16.6.3,478403,188959,40755,23764,14619,8053,1234,402,74,57
198,2020.3.8.16.6.4,101379,25503,9203,13462,2496,4295,1904,2803,74,61
199,2020.3.8.16.6.5,193868,112638,6915,11617,16236,10243,5161,3873,61,53
200,2020.3.8.16.6.6,926332,355030,34346,23539,20873,11441,6288,3443,57,38
201,2020.3.8.16.6.7,213389,446843,133387,37195,20128,21046,7787,2626,60,40
202,2020.3.8.16.6.8,62431,23887,2243,4641,4431,1257,926,705,48,27
203,2020.3.8.16.6.9,129485,17372,4387,2786,2216,1420,1002,502,57,26
204,2020.3.8.16.6.10,63037,26875,5342,2036,3596,5356,2364,1733,60,44
205,2020.3.8.16.6.11,215742,45722,8445,16495,14154,3651,1390,1332,61,50
206,2020.3.8.16.6.12,5026,17434,1026,4914,5065,2121,1534,731,61,61
207,2020.3.8.16.6.13,208958,37674,11354,10330,10088,4811,1069,530,63,64
208,2020.3.8.16.6.14,145654,103517,31152,9073,23625,4722,1696,1313,64,48
209,2020.3.8.16.6.15,269183,66203,16310,24479,12319,8262,2696,1368,66,53
210,2020.3.8.16.6.16,2285932,206781,42239,38061,13536,16496,9099,4375,69,48
211,2020.3.8.16.6.17,89737,422244,26940,22483,23701,12011,7969,7162,57,34
212,2020.3.8.16.6.18,101648,23971,4858,4489,2904,4977,3249,1278,57,50
213,2020.3.8.16.6.19,878545,178364,28138,3773,17221,16725,4367,3139,48,50
214,2020.3.8.16.6.20,2324402,122388,9598,67064,23288,36364,6865,4870,50,61
215,2020.3.8.16.6.21,2120436,55355,14860,3190,5547,3021,5045,1192,56,67
216,2020.3.8.16.6.22,1481290,142997,35231,73494,29850,11109,6850,4353,63,54
217,2020.3.8.16.6.23,1395093,58619,54619,96683,36909,19742,3629,3222,83,54
218,2020.3.8.16.6.24,393227,96587,28722,5008,8690,11875,3082,2664,80,48
219,2020.3.8.16.6.25,90357,74320,6258,3751,5866,2421,1099,610,70,43
220,2020.3.8.16.6.26,38347,21235,8737,4598,1223,4308,1033,851,69,56
221,2020.3.8.16.6.27,147564,58112,24666,7877,13969,11288,1602,1042,57,60
222,2020.3.8.16.6.28,75005,12245,2898,194,1516,395,450,219,54,47
223,2020.3.8.16.6.29,636382,116408,2586,6806,23974,5207,1548,1728,50,50
224,2020.3.8.16.6.30,422051,63292,59092,19550,14290,3326,3290,1368,56,29
225,2020.3.8.16.6.31,309441,38510,11784,5743,2790,2818,1510,801,57,20
226,2020.3.8.16.6.32,1046397,146093,75064,11296,30898,8871,5275,6559,64,23
227,2020.3.8.16.6.33,612880,74465,9517,3821,5286,3346,1752,1610,74,23
228,2020.3.8.16.6.34,200681,26471,9847,9048,3058,4865,610,287,66,41
229,2020.3.8.16.6.35,250610,55409,19717,8399,3243,5427,1238,1241,66,43
230,2020.3.8.16.6.36,556216,49824,7836,19296,1646,3558,1496,1313,67,47
231,2020.3.8.16.6.37,357012,29009,4515,8441,9038,2888,1889,1124,75,51
232,2020.3.8.16.6.38,617046,471251,92777,7842,28262,19941,11476,12785,64,38
233,2020.3.8.16.6.39,2189448,90122,48737,29811,30169,25112,6313,3099,66,48
234,2020.3.8.16.6.40,642759,165425,15731,13662,29520,25808,2324,2696,54,61
235,2020.3.8.16.6.41,1278979,55236,17874,16907,21209,2859,2688,2110,57,53
236,2020.3.8.16.6.42,52110,32759,10464,3238,3332,2297,1532,1306,63,56
237,2020.3.8.16.6.43,91466,21652,18043,4821,5863,4693,4976,1938,66,54
238,2020.3.8.16.6.44,68335,23297,3891,3990,7369,4068,6442,2184,70,53
239,2020.3.8.16.6.45,15483,45814,3327,4655,5786,5628,2343,2240,60,64
240,2020.3.8.16.6.46,315758,21876,5643,25131,9687,4612,5745,1589,69,74
241,2020.3.8.16.6.47,804199,40581,18780,3773,9007,3310,1454,1022,64,63
242,2020.3.8.16.6.48,278943,307585,116741,21080,13041,12661,7875,6328,70,47
243,2020.3.8.16.6.49,90497,46466,6283,4550,2255,3262,2597,732,75,40
244,2020.3.8.16.6.50,106130,11062,10186,4553,1189,1124,648,585,77,30
245,2020.3.8.16.6.51,152157,19366,7915,2612,1248,1189,265,186,77,29
246,2020.3.8.16.6.52,100162,88267,17188,3988,6994,3721,1446,1734,69,30
247,2020.3.8.16.6.53,105658,52661,24594,8818,6381,4221,1388,2206,80,30
248,2020.3.8.16.6.54,55220,51287,13998,15794,8878,3658,1445,1142,70,30
249,2020.3.8.16.6.55,81949,32892,15517,1201,4821,3196,2405,444,69,37
250,2020.3.8.16.6.56,77146,33883,13570,12558,5036,3736,997,658,80,43
251,2020.3.8.16.6.57,1841285,79252,39107,13206,10160,11476,4571,2551,80,48
252,2020.3.8.16.6.58,863204,59205,14154,27599,54891,24673,3816,3384,75,67
253,2020.3.8.16.6.59,115290,45606,3480,7660,9780,6776,539,1080,64,77
254,2020.3.8.16.7.0,809680,140377,34039,7548,41902,36231,5726,2634,54,88
255,2020.3.8.16.7.1,317911,228929,61699,33976,40528,7516,9449,4645,50,75
256,2020.3.8.16.7.2,83813,37025,20105,3316,2872,4132,1167,1310,56,60
257,2020.3.8.16.7.3,704772,139886,19372,4706,20003,17792,2431,3965,54,57
258,2020.3.8.16.7.4,43206,4999,2959,802,678,505,564,734,64,44
259,2020.3.8.16.7.5,492015,27871,1609,2429,3898,591,400,94,56,41
260,2020.3.8.16.7.6,180678,30346,3834,3687,3754,4202,1016,765,47,47
261,2020.3.8.16.7.7,309137,74170,39761,12331,27076,17087,7969,2067,56,50
262,2020.3.8.16.7.8,1360090,84992,14675,4837,34863,8205,2983,3559,43,54
263,2020.3.8.16.7.9,135686,199832,11882,29950,27393,11255,4361,2974,47,64
264,2020.3.8.16.7.10,62143,99853,17877,5650,11831,22347,2466,4296,44,67
265,2020.3.8.16.7.11,43085,36076,38873,66536,4331,14894,3564,2344,60,64
266,2020.3.8.16.7.12,82938,47976,10435,10451,5628,5293,1452,1254,67,63
267,2020.3.8.16.7.13,18886,13169,10769,14783,6378,11365,2685,3587,81,84
268,2020.3.8.16.7.14,313976,223948,88832,29424,49088,7254,2956,2752,91,61
269,2020.3.8.16.7.15,47894,22338,10796,1730,14244,3998,1872,1438,75,63
270,2020.3.8.16.7.16,23454,33400,4085,523,1110,1819,623,427,64,57
271,2020.3.8.16.7.17,1123476,10469,14584,5811,9500,4058,2148,1355,66,48
272,2020.3.8.16.7.18,1443079,242250,16400,21599,34689,21645,7880,6512,54,61
273,2020.3.8.16.7.19,216271,8344,6997,5396,3275,3320,761,183,63,64
274,2020.3.8.16.7.20,148438,62409,11664,3305,3368,2461,3125,925,67,60
275,2020.3.8.16.7.21,494181,89299,11220,10219,22772,8162,4545,7102,53,53
276,2020.3.8.16.7.22,7455,19746,22771,28663,4897,10817,3700,4416,77,61
277,2020.3.8.16.7.23,105498,61610,19487,5483,3330,1770,1202,1303,67,40
278,2020.3.8.16.7.24,35118,5595,4183,751,2732,2276,1227,1289,75,61
279,2020.3.8.16.7.25,3475,17082,1375,4646,943,1609,1367,573,80,60
280,2020.3.8.16.7.26,1024264,70996,69544,23265,47475,21447,9141,9078,74,60
281,2020.3.8.16.7.27,665071,86556,7084,5321,4572,3969,2029,1408,63,67
282,2020.3.8.16.7.28,161878,65047,10566,10350,8231,3301,4524,3244,57,48
283,2020.3.8.16.7.29,1408969,46688,6059,21970,8318,9531,6482,2866,61,54
284,2020.3.8.16.7.30,93958,12549,12986,1600,3289,1211,1885,628,64,41
285,2020.3.8.16.7.31,33287,25108,10991,3119,3585,4482,794,914,75,53
286,2020.3.8.16.7.32,58133,13122,1422,6555,3223,1399,1008,594,80,60
287,2020.3.8.16.7.33,466878,62253,18837,11143,11792,4607,1636,1036,78,48
288,2020.3.8.16.7.34,50076,13001,4938,1742,3273,1617,1655,589,70,54
289,2020.3.8.16.7.35,143814,153696,17880,22841,16350,16689,2439,2147,64,53
290,2020.3.8.16.7.36,1808848,195893,18255,12942,18642,7255,5715,4922,54,47
291,2020.3.8.16.7.37,12329,69086,29057,12871,19390,6050,3291,1813,56,48
292,2020.3.8.16.7.38,48202,65011,20127,10418,12666,7762,3166,2553,54,48
293,2020.3.8.16.7.39,129714,54077,37763,28245,44822,23011,5372,1930,64,56
294,2020.3.8.16.7.40,92633,33159,27982,11515,8340,1584,363,1459,83,51
295,2020.3.8.16.7.41,1511191,71223,16253,23142,15106,12623,3837,2777,81,60
296,2020.3.8.16.7.42,263169,27473,10440,5629,10091,3478,1183,736,81,60
297,2020.3.8.16.7.43,7300,6658,10798,4973,3303,4060,1510,738,88,60
298,2020.3.8.16.7.44,506809,41472,11454,7461,6949,1441,1564,559,80,60
299,2020.3.8.16.7.45,28353,10133,3981,1957,4663,2352,443,696,78,63
300,2020.3.8.16.7.46,103336,127359,9443,34699,5108,8610,6207,2758,77,57
301,2020.3.8.16.7.47,89410,16759,6646,3938,2127,2337,1293,808,67,50
302,2020.3.8.16.7.48,2064008,260416,25837,15157,21537,20721,3642,4228,57,61
303,2020.3.8.16.7.49,3422,10399,9058,227,4497,2640,434,719,63,60
304,2020.3.8.16.7.50,5944,39629,17907,33266,14704,9677,5145,3401,70,67
305,2020.3.8.16.7.51,2685579,63015,32970,32748,12541,3835,2042,1268,78,54
306,2020.3.8.16.7.52,744544,196639,35863,38568,14923,29880,9715,6365,87,60
307,2020.3.8.16.7.53,109150,5968,1636,5133,4603,2876,1640,1764,84,66
308,2020.3.8.16.7.54,12439,9976,642,5272,2117,2477,2312,672,78,69
309,2020.3.8.16.7.55,70151,92997,28611,42714,44906,9470,5628,7259,74,78
310,2020.3.8.16.7.56,2089836,654958,60324,34754,8373,17571,7938,3834,64,61
311,2020.3.8.16.7.57,101713,42141,27752,22789,12459,8037,2328,4502,67,50
312,2020.3.8.16.7.58,55094,16309,1298,3081,2185,1656,571,459,63,41
313,2020.3.8.16.7.59,4234,21409,12557,7390,3495,8399,3809,2496,64,56
314,2020.3.8.16.8.0,34242,65386,1208,4144,6363,4478,2393,779,57,67
315,2020.3.8.16.8.1,683098,358731,65850,28227,12063,17436,9403,7868,47,60
316,2020.3.8.16.8.2,41420,16034,6645,4439,3262,2800,1007,1325,54,63
317,2020.3.8.16.8.3,81655,91173,71178,41815,17133,7823,2644,2255,60,43
318,2020.3.8.16.8.4,114857,9943,6832,3075,1831,1873,533,330,81,48
319,2020.3.8.16.8.5,1388826,70166,19968,38653,13553,11078,10278,3846,91,56
320,2020.3.8.16.8.6,59311,39690,6584,3420,3999,4739,1923,1003,83,56
321,2020.3.8.16.8.7,192149,109172,8343,15893,15998,5773,8322,3427,66,56
322,2020.3.8.16.8.8,40955,10294,21670,17055,7730,12513,4860,2427,74,67
323,2020.3.8.16.8.9,600483,177483,27709,14537,10729,7306,1624,1264,63,57
324,2020.3.8.16.8.10,867193,438719,148539,7641,32912,10921,4085,2633,66,38
325,2020.3.8.16.8.11,219748,162066,22180,8756,35853,24225,10539,4456,64,51
326,2020.3.8.16.8.12,402488,37029,40382,6918,9382,19701,6141,4954,57,50
327,2020.3.8.16.8.13,13057,201220,21709,18239,16266,12983,5832,1689,54,54
328,2020.3.8.16.8.14,82099,6756,3061,3425,2052,2484,1166,1282,60,81
329,2020.3.8.16.8.15,8136,9692,10494,3534,1764,1448,1246,735,80,75
330,2020.3.8.16.8.16,113339,128553,44459,15535,7841,2546,1102,1275,75,41
331,2020.3.8.16.8.17,35045,64066,16858,14623,20559,4585,5003,5031,83,40
332,2020.3.8.16.8.18,114925,14499,11858,16437,9015,16014,4087,3429,87,48
333,2020.3.8.16.8.19,342830,23225,3997,5270,10654,2652,2330,523,74,51
334,2020.3.8.16.8.20,102641,78147,46232,21098,10176,14976,4855,3207,78,75
335,2020.3.8.16.8.21,60143,30798,14565,4432,4862,2307,604,1215,80,75
336,2020.3.8.16.8.22,58174,31520,10993,3800,6960,2212,2182,1112,75,51
337,2020.3.8.16.8.23,452318,23112,4987,1995,3607,2908,401,191,74,53
338,2020.3.8.16.8.24,64794,39786,18609,5781,11106,7200,3207,4022,66,53
339,2020.3.8.16.8.25,527090,441958,7525,79282,10140,17431,4526,3647,56,48
340,2020.3.8.16.8.26,341541,267922,35793,3205,15515,12187,2298,997,47,47
341,2020.3.8.16.8.27,493426,117419,10909,10627,3483,4202,2737,812,43,34
342,2020.3.8.16.8.28,16291,5900,3717,1952,2158,789,229,190,48,26
343,2020.3.8.16.8.29,703852,114878,4266,14771,15977,6043,2070,1492,44,29
344,2020.3.8.16.8.30,1026779,42666,5173,8440,4387,2959,988,483,53,35
345,2020.3.8.16.8.31,1734180,161999,13188,33234,26021,12567,2791,2014,53,35
346,2020.3.8.16.8.32,38596,14044,4176,3263,2454,518,436,202,53,35
347,2020.3.8.16.8.33,749708,164704,23453,29315,16622,7877,4828,3020,57,37
348,2020.3.8.16.8.34,87437,25722,41168,16818,12553,10340,10154,7443,64,43
349,2020.3.8.16.8.35,83721,11667,869,1920,2214,2920,1493,815,64,61
350,2020.3.8.16.8.36,131519,52069,21737,12818,15826,19477,4438,4354,69,78
351,2020.3.8.16.8.37,1574638,84017,10931,12059,40238,5192,4697,3023,64,81
352,2020.3.8.16.8.38,99684,30240,6471,5430,5886,3678,2420,1207,51,77
353,2020.3.8.16.8.39,187876,20588,6187,5654,1664,2882,1060,416,61,67
354,2020.3.8.16.8.40,47969,11042,5640,6215,1485,1515,600,853,67,53
355,2020.3.8.16.8.41,1005157,49671,24092,18900,28446,13426,3394,2505,78,66
356,2020.3.8.16.8.42,151324,17225,3836,5060,5518,3670,1136,857,80,70
357,2020.3.8.16.8.43,777566,85993,17021,7553,51067,30043,1563,2238,80,70
358,2020.3.8.16.8.44,1114406,148139,73183,51979,108185,100244,23806,23875,80,70
359,2020.3.8.16.8.45,79148,4224,4119,1976,638,457,269,283,80,70
360,2020.3.8.16.8.46,36225,36059,9927,8331,22387,11891,12202,2224,74,81
361,2020.3.8.16.8.47,107662,40506,21102,14239,22706,10780,2503,2665,67,91
362,2020.3.8.16.8.48,1392653,23647,7332,6852,5176,3595,1579,1105,66,87
363,2020.3.8.16.8.49,2054443,213727,87588,150558,20598,22971,20846,8965,66,87
364,2020.3.8.16.8.50,939332,52716,21344,15438,31210,3802,3447,1361,67,70
365,2020.3.8.16.8.51,754677,12434,8225,7485,3778,3644,596,390,67,70
366,2020.3.8.16.8.52,1528436,108967,32341,10478,9607,13846,7176,4704,69,61
367,2020.3.8.16.8.53,89586,16811,14828,5810,2333,3208,2935,2574,69,61
368,2020.3.8.16.8.56,3709,1138,351,315,137,13,10,6,69,61
369,2020.3.8.16.8.57,224711,55227,6203,4296,11736,5228,1617,1965,69,61
370,2020.3.8.16.8.58,1555226,67254,63500,16666,24227,32042,5024,1776,0,0
371,2020.3.8.16.14.0,87694,51546,87602,76608,35942,35323,11658,1818,0,0
372,2020.3.8.16.14.1,442120,122793,97546,30119,53041,128427,35900,53432,0,0
373,2020.3.8.16.14.3,2029176,541504,283679,71008,295304,85033,122000,98393,0,0
374,2020.3.8.16.14.5,39641,17532,12271,5147,404,501,394,308,0,0
375,2020.3.8.16.14.6,941630,243090,248015,70070,68562,14360,7624,6599,0,0
376,2020.3.8.16.14.7,1627137,198259,25204,19479,10420,7672,3770,1723,0,0
377,2020.3.8.16.14.8,1824388,210073,25950,6460,15322,10477,7926,1819,0,0
378,2020.3.8.16.14.9,1204778,1253516,53833,72336,67709,30581,15550,2196,0,0
379,2020.3.8.16.14.10,540987,26277,40461,39613,9449,4152,3201,3721,0,0
380,2020.3.8.16.14.11,700967,35406,56807,90321,74906,27252,2828,2585,0,0
381,2020.3.8.16.14.14,696154,383100,15445,17535,69202,171753,119285,86961,0,0
382,2020.3.8.16.14.15,518538,30080,22464,53422,95404,94006,9273,4918,0,0
383,2020.3.8.16.14.16,827708,28340,38192,42747,19026,35734,6245,6616,0,0
384,2020.3.8.16.14.17,1452616,56635,4889,13187,4320,3708,629,407,0,0
385,2020.3.8.16.14.18,84771,80861,38016,3345,2944,1854,877,1005,0,0
386,2020.3.8.16.14.19,296643,10166,6916,1262,2730,3475,1074,777,75,64
387,2020.3.8.16.14.20,847312,360111,49417,20029,56855,11986,4574,1941,61,53
388,2020.3.8.16.14.21,330781,81961,49593,15059,6883,4279,2937,1112,74,53
389,2020.3.8.16.14.22,27972,192797,19182,9271,3520,4547,1496,1149,60,41
390,2020.3.8.16.14.23,105665,48600,13887,2759,7095,3180,908,917,51,29
391,2020.3.8.16.14.24,196596,73550,11819,3941,2444,3470,2597,1385,56,34
392,2020.3.8.16.14.25,188912,72243,26947,9154,17175,10927,1855,1343,44,43
393,2020.3.8.16.14.26,150084,65983,24029,3518,5299,3140,815,1523,60,47
394,2020.3.8.16.14.27,188421,141528,57790,21665,23245,14085,2534,3324,67,50
395,2020.3.8.16.14.28,179413,50655,7952,11252,8632,5032,2768,2127,75,53
396,2020.3.8.16.14.29,1072276,191645,25212,62609,13962,10440,6027,2947,75,44
397,2020.3.8.16.14.30,160383,189742,32792,38947,17614,15859,4855,1999,74,50
398,2020.3.8.16.14.31,652253,108499,58758,8475,9426,27236,4734,3189,75,57
399,2020.3.8.16.14.32,98370,85219,12156,9186,10683,3466,924,808,67,51
400,2020.3.8.16.14.33,74938,12610,12708,3532,2288,7888,2365,878,80,69
401,2020.3.8.16.14.34,626134,57359,45958,9595,22499,16688,9585,3037,90,78
402,2020.3.8.16.14.35,432412,64957,6820,6522,6996,1980,1892,869,70,61
403,2020.3.8.16.14.36,1258949,51763,7631,17778,20114,16746,8514,6229,78,78
404,2020.3.8.16.14.37,576214,130050,22899,17492,4322,5536,2219,2130,61,60
405,2020.3.8.16.14.38,701761,467613,118234,63332,16345,18820,3849,4878,53,47
406,2020.3.8.16.14.39,7503,14758,6466,6371,2381,2105,2729,818,75,56
407,2020.3.8.16.14.40,84564,27408,7615,5276,6030,2824,2777,1340,78,47
408,2020.3.8.16.14.41,115172,28980,10530,12000,16269,1664,1183,1186,88,47
409,2020.3.8.16.14.42,115594,44722,3591,5634,12922,4536,1321,1197,74,54
410,2020.3.8.16.14.43,10268,10050,2423,6864,2426,1446,1088,835,75,54
411,2020.3.8.16.14.44,1296884,65184,22655,23093,7463,9206,4234,2588,83,54
412,2020.3.8.16.14.45,985135,234830,50440,18036,26589,15925,3167,5048,70,57
413,2020.3.8.16.14.46,41148,70195,3466,8413,14166,10139,2467,3371,69,61
414,2020.3.8.16.14.47,1228223,139966,124903,29778,9810,24490,4476,3108,74,63
415,2020.3.8.16.14.48,142802,85295,7891,7579,7540,2463,1111,1049,51,51
416,2020.3.8.16.14.49,2033133,126744,29098,29702,22842,9460,6571,4993,57,51
417,2020.3.8.16.14.50,127104,7212,10789,4912,1282,2031,2207,1688,91,50
418,2020.3.8.16.14.51,856107,163730,3573,11259,38917,15310,4381,4090,50,50
419,2020.3.8.16.14.52,427935,39677,63619,51072,34579,8573,4254,5905,77,57
420,2020.3.8.16.14.53,49149,12352,1666,3546,5207,4099,1414,1264,64,70
421,2020.3.8.16.14.54,375651,12454,11148,2963,6876,5369,2168,734,51,78
422,2020.3.8.16.14.55,459303,21007,22541,15475,22092,9333,7048,3039,83,84
423,2020.3.8.16.14.56,132499,39626,463,6989,5227,4715,1047,1113,53,90
424,2020.3.8.16.14.57,444261,62947,2993,9797,5679,2282,1337,373,48,70
425,2020.3.8.16.14.58,744651,84920,8522,16137,13857,7526,2263,1950,38,61
426,2020.3.8.16.14.59,2550278,400386,125125,90880,33148,75142,9412,3366,38,61
427,2020.3.8.16.15.0,321148,8859,2105,636,1040,729,346,98,23,53
428,2020.3.8.16.15.1,163303,35409,6291,7184,6107,2659,2573,980,34,48
429,2020.3.8.16.15.2,743602,3261,19652,12820,9012,5354,2096,878,34,48
430,2020.3.8.16.15.3,1548867,495505,50986,72101,79615,25593,11119,9678,37,50
431,2020.3.8.16.15.4,345742,25533,19588,19277,16657,11067,11645,6288,50,57
432,2020.3.8.16.15.5,1804430,74374,41436,5083,20145,17200,4830,5320,56,64
433,2020.3.8.16.15.6,403041,52647,32531,35637,15447,12052,7798,1528,70,69
434,2020.3.8.16.15.7,2298431,107769,83332,50396,20003,35495,10382,5434,90,81
435,2020.3.8.16.15.8,1391274,37521,12368,38524,11264,11883,3521,2945,93,80
436,2020.3.8.16.15.9,1546975,41348,82379,57251,19705,11794,5169,3935,100,70
437,2020.3.8.16.15.10,428905,204386,34868,21766,12562,7190,3859,3875,91,61
438,2020.3.8.16.15.11,93345,20532,4733,11693,6909,4265,1711,1329,83,60
439,2020.3.8.16.15.12,259457,16162,9014,23684,7220,2635,4386,670,87,51
440,2020.3.8.16.15.13,76065,11291,2499,3280,2121,4518,763,359,64,64
441,2020.3.8.16.15.14,248294,61073,25628,17150,9557,8662,3730,1281,75,74
442,2020.3.8.16.15.15,318553,11862,2004,1027,4625,3226,1115,672,57,78
443,2020.3.8.16.15.16,290270,42105,10441,15573,8056,5270,8894,2615,44,81
444,2020.3.8.16.15.17,171885,77245,4153,3082,2112,3996,1515,939,27,66
445,2020.3.8.16.15.18,40255,58547,12864,14557,3810,1817,3331,491,24,54
446,2020.3.8.16.15.19,1353750,100082,14345,20068,10164,14883,2597,4394,34,50
447,2020.3.8.16.15.20,92917,52149,2746,3438,3241,2386,615,1862,14,44
448,2020.3.8.16.15.21,77887,57417,57687,2159,9253,5413,5130,5915,43,43
449,2020.3.8.16.15.22,170063,72197,116481,27500,43183,9563,5062,4205,54,50
450,2020.3.8.16.15.23,47744,7560,5655,2364,1621,372,374,261,69,37
451,2020.3.8.16.15.24,2019864,195492,3302,5666,37630,5990,11189,3106,64,34
452,2020.3.8.16.15.25,52815,51558,24543,3451,2545,3725,1667,904,57,34
453,2020.3.8.16.15.26,267403,116933,24127,11530,30471,9555,3982,4320,43,37
454,2020.3.8.16.15.27,97935,58018,4141,8972,2773,2828,1054,580,27,41
455,2020.3.8.16.15.28,1842921,270338,35191,41843,23128,12288,4025,1171,48,43
456,2020.3.8.16.15.29,482675,35431,7934,32582,22756,19161,7491,5599,48,57
457,2020.3.8.16.15.30,415467,62860,14963,4217,2805,3086,2356,641,50,53
458,2020.3.8.16.15.31,105974,43358,3694,3957,10983,2534,1851,689,47,54
459,2020.3.8.16.15.32,94946,178390,43777,12423,22758,4887,7727,11695,48,50
460,2020.3.8.16.15.33,156087,49986,19666,4915,6399,8164,1468,796,44,43
461,2020.3.8.16.15.34,50907,231194,2162,13945,9625,2499,1776,1870,29,30
462,2020.3.8.16.15.35,12648,782,5587,4629,4810,3957,1015,1411,51,48
463,2020.3.8.16.15.36,545762,63613,45184,23295,8622,11130,7139,4320,63,60
464,2020.3.8.16.15.37,238510,23035,22133,7459,3610,3501,2989,970,74,56
465,2020.3.8.16.15.38,198838,23263,1131,5221,4696,1754,1044,966,84,70
466,2020.3.8.16.15.39,527833,23238,9691,5698,14268,13887,3480,5042,74,70
467,2020.3.8.16.15.40,80186,66335,2629,3112,10825,3978,4064,2120,48,67
468,2020.3.8.16.15.41,226937,344208,3086,35086,10810,7875,18934,7232,24,57
469,2020.3.8.16.15.42,158636,21383,4755,11458,9031,2642,2862,1426,34,60
470,2020.3.8.16.15.43,86964,21953,8203,2728,5172,2469,1969,1154,34,47
471,2020.3.8.16.15.44,107734,48679,1739,5383,4143,2858,2533,1151,38,47
472,2020.3.8.16.15.45,1033521,183649,29965,58068,9772,15988,11330,5310,53,53
473,2020.3.8.16.15.46,81756,1301,831,522,1061,657,364,270,53,64
474,2020.3.8.16.15.47,135373,89782,5539,6186,8649,2727,1495,1304,41,56
475,2020.3.8.16.15.48,229201,88794,30814,27149,20615,6835,4063,2497,56,56
476,2020.3.8.16.15.49,280433,197473,22557,4850,12968,13437,6070,4590,43,56
477,2020.3.8.16.15.50,81103,33616,6475,10772,8001,10360,10778,3511,40,54
478,2020.3.8.16.15.51,87451,31338,1381,3543,6474,1188,541,747,41,57
479,2020.3.8.16.15.52,1080479,104428,39099,9495,29005,6704,3560,6319,37,56
480,2020.3.8.16.15.53,34924,27507,21913,14757,9010,12590,4773,2547,56,66
481,2020.3.8.16.15.54,184633,17510,2552,5943,2406,1828,1724,836,57,57
482,2020.3.8.16.15.55,671409,37558,30006,15130,6417,8042,5722,3782,78,66
483,2020.3.8.16.15.56,225079,81147,23967,31342,20923,22986,6910,1852,81,78
484,2020.3.8.16.15.57,95818,16280,11628,7229,3907,2868,965,1486,81,69
485,2020.3.8.16.15.58,185049,39320,934,5799,5047,3832,1175,1252,70,69
486,2020.3.8.16.15.59,22260,20607,11050,16438,6529,6443,4201,1954,69,74
487,2020.3.8.16.16.0,92876,88445,15891,18194,7147,4686,2341,1316,67,61
488,2020.3.8.16.16.1,1166448,54820,13401,21092,54204,24264,2291,4185,67,61
489,2020.3.8.16.16.2,51396,14931,1685,4864,2609,3003,1088,600,56,66
490,2020.3.8.16.16.3,391580,33435,8399,13730,4179,1978,1052,861,69,60
491,2020.3.8.16.16.4,1703462,344552,14369,8024,29429,24455,4757,2367,69,60
492,2020.3.8.16.16.5,844962,154746,13150,9417,20140,14082,7306,10119,51,54
493,2020.3.8.16.16.6,57630,29528,74330,5790,8347,24794,10431,6822,63,69
494,2020.3.8.16.16.7,77499,42454,1502,49889,8202,12610,5089,6971,74,69
495,2020.3.8.16.16.8,369152,72631,10169,6771,8998,2936,8986,6896,63,69
496,2020.3.8.16.16.9,151699,68039,4628,3091,8634,3608,3780,2240,61,64
497,2020.3.8.16.16.10,174329,46081,4316,8253,4071,2071,814,1618,47,48
498,2020.3.8.16.16.11,86318,15062,4982,4764,1563,5102,2478,648,40,51
499,2020.3.8.16.16.12,193527,51734,6879,11082,3703,4482,2167,865,44,54
500,2020.3.8.16.16.13,619533,364435,22294,32510,5928,9158,2308,1419,48,48
501,2020.3.8.16.16.14,54750,18678,2569,3449,3002,3743,1760,1111,47,60
502,2020.3.8.16.16.15,75906,23857,7384,3289,9718,2349,697,1222,41,50
503,2020.3.8.16.16.16,329050,104340,10454,84851,13739,8742,4921,6356,51,48
504,2020.3.8.16.16.17,310642,38643,3012,3206,5566,2415,2121,1333,50,56
505,2020.3.8.16.16.18,147316,32964,4704,8051,2026,6084,2934,1475,53,54
506,2020.3.8.16.16.19,112539,9242,6601,3304,3123,4602,2946,1052,60,64
507,2020.3.8.16.16.20,98184,17904,1436,1934,3523,2524,937,694,43,74
508,2020.3.8.16.16.21,190567,13409,4790,1277,15160,3374,4715,1905,47,83
509,2020.3.8.16.16.22,72507,73836,8259,12021,12704,12970,6791,9636,41,83
510,2020.3.8.16.16.23,158824,2705,2024,1126,1502,997,663,428,41,81
511,2020.3.8.16.16.24,1509403,662785,90812,29972,29830,30326,4996,5158,43,70
512,2020.3.8.16.16.25,213030,78216,32732,11555,27820,12999,2689,5180,50,67
513,2020.3.8.16.16.26,778086,85636,22938,14995,9537,3148,6817,4132,56,53
514,2020.3.8.16.16.27,1328548,178158,49551,32253,22394,13098,5400,7809,51,41
515,2020.3.8.16.16.28,193528,60480,10539,2178,12557,5966,1844,1628,51,48
516,2020.3.8.16.16.29,8888,9299,9062,9614,1743,2885,1090,1018,66,48
517,2020.3.8.16.16.30,81550,5082,1510,742,1923,749,404,289,63,60
518,2020.3.8.16.16.31,105810,15727,1151,4853,2275,1637,1741,827,61,63
519,2020.3.8.16.16.32,539026,265560,82741,13341,33314,15648,8294,4241,67,57
520,2020.3.8.16.16.33,20636,10586,5574,7086,3538,3581,1548,1279,60,61
521,2020.3.8.16.16.34,30778,22115,21557,5042,4625,2506,1460,1417,70,56
522,2020.3.8.16.16.35,50232,15514,2803,2808,5335,1809,479,167,69,56
523,2020.3.8.16.16.36,48138,7653,9579,8237,3976,4361,3388,418,83,69
524,2020.3.8.16.16.37,718114,173170,43379,13236,26942,10578,5164,7681,74,57
525,2020.3.8.16.16.38,168347,24702,5390,46634,20784,17090,5219,3666,70,70
526,2020.3.8.16.16.39,806570,84642,22844,4368,32475,12495,4578,5599,70,74
527,2020.3.8.16.16.40,2204365,113555,30750,19119,8317,9861,9088,4090,60,64
528,2020.3.8.16.16.41,793178,46365,22785,41971,9496,18190,4404,5799,70,77
529,2020.3.8.16.16.42,7994,24160,4496,2839,1221,1946,268,389,60,64
530,2020.3.8.16.16.43,35438,29563,8257,4724,7398,6672,1607,1126,64,67
531,2020.3.8.16.16.44,181607,25010,2238,6290,6498,6781,1890,2131,60,78
532,2020.3.8.16.16.45,201353,26217,15053,10582,13560,4641,2587,1799,56,74
533,2020.3.8.16.16.46,143529,146496,72947,102620,33580,14122,4968,4545,67,70
534,2020.3.8.16.16.47,1970115,135392,30225,21471,48067,19080,5251,5257,66,66
535,2020.3.8.16.16.48,448428,27076,8450,4600,2867,997,395,361,70,48
536,2020.3.8.16.16.49,60984,5606,1078,624,2072,1466,746,519,60,53
537,2020.3.8.16.16.50,193745,7493,4519,1447,1970,1026,195,294,54,57
538,2020.3.8.16.16.51,96541,17127,8363,20354,9603,4117,1686,1009,67,56
539,2020.3.8.16.16.52,1127569,289343,27772,26956,15543,12658,3605,3863,60,60
540,2020.3.8.16.16.53,53800,12998,1189,570,645,797,1128,242,54,48
541,2020.3.8.16.16.54,87745,7266,1457,6091,4217,2196,939,527,54,53
542,2020.3.8.16.16.55,30629,12872,8110,1289,6004,2514,734,701,48,54
543,2020.3.8.16.16.56,353320,97816,7036,21966,14555,5115,3336,2187,51,54
544,2020.3.8.16.16.57,69055,46061,10959,5128,6930,2441,1173,864,61,51
545,2020.3.8.16.16.58,52668,51762,37503,3321,24716,10461,6610,2452,60,50
546,2020.3.8.16.16.59,536467,36960,13190,22451,9140,4281,1726,844,63,44
547,2020.3.8.16.17.0,148721,37252,7830,2662,4028,1531,798,1431,63,43
548,2020.3.8.16.17.1,82601,14453,2214,1399,959,1057,336,228,60,48
549,2020.3.8.16.17.2,83346,119057,84326,11054,70787,6680,5355,5598,61,37
550,2020.3.8.16.17.3,2014295,193615,9428,15858,17055,10779,7738,13026,41,35
551,2020.3.8.16.17.4,600620,69645,63770,18531,15617,14799,13157,7396,54,44
552,2020.3.8.16.17.5,177775,94860,29393,12048,15389,14897,11563,11253,60,48
553,2020.3.8.16.17.6,695047,34880,9743,21876,40343,7895,5019,4414,56,61
554,2020.3.8.16.17.7,93391,24917,12960,3943,5688,2052,1716,1421,74,63
555,2020.3.8.16.17.8,434599,36020,8217,3928,4244,2466,1302,1477,61,57
556,2020.3.8.16.17.9,12201,45621,6073,45551,8213,12459,24791,5440,69,60
557,2020.3.8.16.17.10,22930,34062,7992,15420,8223,12043,6445,7201,69,64
558,2020.3.8.16.17.11,78766,55516,20275,9546,9907,3921,943,1390,66,63
559,2020.3.8.16.17.12,26839,25596,33719,16746,21317,16418,5113,5417,78,77
560,2020.3.8.16.17.13,64153,182170,11235,21293,6079,7975,9044,4515,63,63
561,2020.3.8.16.17.14,151020,25665,8239,10717,5408,2369,769,927,66,53
562,2020.3.8.16.17.15,184318,15886,8981,1505,4294,2208,1223,1496,67,57
563,2020.3.8.16.17.16,174839,66632,81723,21828,33085,17550,7159,4395,69,51
564,2020.3.8.16.17.17,298764,51704,42655,28388,15816,9090,6720,3058,87,56
565,2020.3.8.16.17.18,246282,2416,2651,7119,2025,3465,2946,982,94,70
566,2020.3.8.16.17.19,270633,14910,5621,5927,3352,3833,4332,3923,94,77
567,2020.3.8.16.17.20,414447,24396,15283,4242,13043,3400,1493,3179,90,75
568,2020.3.8.16.17.21,179751,45033,5678,6396,3709,4908,2500,572,75,77
569,2020.3.8.16.17.22,17389,25996,5040,6120,2745,4445,2056,2199,60,67
570,2020.3.8.16.17.23,191037,24785,5208,1256,1493,3827,1463,791,50,64
571,2020.3.8.16.17.24,48801,16102,12600,5936,2060,3356,3116,1774,56,66
572,2020.3.8.16.17.25,24815,12539,12217,5210,1677,3678,1734,750,74,69
573,2020.3.8.16.17.26,25979,18986,4016,4950,4412,5707,1844,1149,74,75
574,2020.3.8.16.17.27,56939,63889,13049,19562,14988,8332,4607,9412,80,74
575,2020.3.8.16.17.28,28331,46414,6752,16046,7670,10701,11790,4462,69,78
576,2020.3.8.16.17.29,337308,11945,2445,4112,8116,2732,3320,2015,56,78
577,2020.3.8.16.17.30,54487,14112,2901,3887,9261,1676,2007,166,54,69
578,2020.3.8.16.17.31,445752,83657,38361,3354,9867,6049,3772,1310,56,63
579,2020.3.8.16.17.32,1034688,55082,21597,29670,28772,18834,7963,4082,60,64
580,2020.3.8.16.17.33,262671,103476,16819,18583,15936,10211,8317,3641,60,57
581,2020.3.8.16.17.34,310941,59867,36131,18597,44376,29611,8057,18123,63,69
582,2020.3.8.16.17.35,84440,102877,55175,6399,7853,2273,681,580,67,57
583,2020.3.8.16.17.36,42929,10646,4886,4470,4670,2377,2348,1273,67,54
584,2020.3.8.16.17.37,148514,212596,15010,57194,12730,8320,5437,9480,69,48
585,2020.3.8.16.17.38,530384,9542,1305,26136,7891,8551,3738,3712,81,47
586,2020.3.8.16.17.39,72632,110744,43322,24366,33604,15697,7688,9251,77,64
587,2020.3.8.16.17.40,830754,148141,3413,6284,5598,3384,1227,893,53,48
588,2020.3.8.16.17.41,436833,51913,85715,9223,21783,11680,10355,8792,66,56
589,2020.3.8.16.17.42,54770,13840,1114,2150,1414,1193,242,355,44,44
590,2020.3.8.16.17.43,352835,78582,13329,12879,40799,9398,2564,5737,35,44
591,2020.3.8.16.17.44,3580,6799,4070,2407,6594,4724,896,1095,54,70
592,2020.3.8.16.17.45,22332,92450,36303,20668,14048,14514,10380,5076,44,74
593,2020.3.8.16.17.46,134756,14160,7227,9810,8410,3313,2698,1072,60,77
594,2020.3.8.16.17.47,105200,17009,6319,2245,1753,1734,1317,879,67,74
595,2020.3.8.16.17.48,1195462,42926,14437,6544,6719,6245,1207,1467,69,61
596,2020.3.8.16.17.49,403449,13420,3718,2918,4908,1974,1253,662,64,61
597,2020.3.8.16.17.50,2115982,59228,1261,3217,8837,11140,7077,4030,38,66
598,2020.3.8.16.17.51,304633,131417,9705,14483,2100,5061,4420,2598,27,60
599,2020.3.8.16.17.52,220138,182875,25824,21055,23753,8997,22388,5727,21,51
600,2020.3.8.16.17.53,192025,51821,5850,15488,5715,23182,18222,2232,17,61
601,2020.3.8.16.17.54,261163,5035,2362,16657,8002,2481,4396,2278,51,56
602,2020.3.8.16.17.55,76708,23127,13312,35855,15157,8218,4456,10784,74,69
603,2020.3.8.16.17.56,151761,14879,11986,760,7735,2471,1461,1683,83,78
604,2020.3.8.16.17.57,11898,15655,9335,1860,1727,4112,654,583,90,70
605,2020.3.8.16.17.58,53624,106359,53583,5704,17335,3919,6864,4390,78,57
606,2020.3.8.16.17.59,68907,32245,34717,23877,14208,6244,3756,5765,80,51
607,2020.3.8.16.18.0,116110,25939,12271,4972,5435,3660,2217,1049,80,51
608,2020.3.8.16.18.1,295030,29094,4594,11029,7280,6810,2480,1980,77,51
609,2020.3.8.16.18.2,81270,19188,23944,20516,48175,15317,12501,7920,78,74
610,2020.3.8.16.18.3,285938,13286,3982,2458,7952,6145,1951,1480,60,88
611,2020.3.8.16.18.4,1854693,112061,28839,30336,58878,13612,6341,5878,60,88
612,2020.3.8.16.18.5,852605,316097,20716,28828,36002,10102,8179,12427,44,77
613,2020.3.8.16.18.6,60236,23713,2771,6930,7690,6786,904,1906,41,78
614,2020.3.8.16.18.7,143679,14342,9370,7283,3548,2463,2026,1723,48,67
615,2020.3.8.16.18.8,690386,32780,9874,17178,6345,3172,1260,1378,57,51
616,2020.3.8.16.18.9,685859,100441,140328,9874,37911,20930,12410,14514,80,61
617,2020.3.8.16.18.10,120956,10857,5016,3007,1692,959,2079,1264,90,48
618,2020.3.8.16.18.11,941231,43444,14497,8284,18456,5246,7144,5637,78,48
619,2020.3.8.16.18.12,281694,98199,73975,58520,25409,17455,13026,7948,83,51
620,2020.3.8.16.18.13,619586,54675,19214,10019,6908,4992,1726,2008,75,48
621,2020.3.8.16.18.14,19777,11061,11134,4767,14699,3722,894,1746,74,57
622,2020.3.8.16.18.15,156156,73793,13943,17776,16139,10091,5780,4420,74,60
623,2020.3.8.16.18.16,158116,24252,9875,23650,11934,16975,7629,5460,69,74
624,2020.3.8.16.18.17,69222,40937,8956,45118,21342,19004,11850,9358,75,84
625,2020.3.8.16.18.18,267277,66997,6595,68441,23625,12379,4957,6307,78,81
626,2020.3.8.16.18.19,77489,28061,20364,14573,8190,8752,2138,1098,90,84
627,2020.3.8.16.18.20,375417,59701,9224,5141,4994,1371,902,548,77,57
628,2020.3.8.16.18.21,41389,28806,9247,6454,5800,5444,1436,861,69,53
629,2020.3.8.16.18.22,217196,18052,5216,16269,19168,25109,11557,3785,61,70
630,2020.3.8.16.18.23,357777,69434,5123,11416,5720,5600,2837,1370,47,64
631,2020.3.8.16.18.24,307672,91937,22319,22709,6454,8658,10125,9885,53,77
632,2020.3.8.16.18.25,79032,66299,39218,24162,31950,21692,15442,8446,56,78
633,2020.3.8.16.18.26,144714,34341,3062,8927,9187,8436,2415,3098,51,67
634,2020.3.8.16.18.27,458763,88996,2901,11660,22069,7172,4717,5501,44,69
635,2020.3.8.16.18.28,86843,21487,1518,3401,527,1303,877,397,38,67
636,2020.3.8.16.18.29,1502569,86292,26584,20657,30976,36487,23862,6420,30,70
637,2020.3.8.16.18.30,1006151,21446,5840,7786,3125,3241,1643,2294,41,64
638,2020.3.8.16.18.31,1228090,81921,1907,49390,5201,15959,10725,7035,56,67
639,2020.3.8.16.18.32,159738,49607,25459,17286,16365,6732,3741,1246,67,70
640,2020.3.8.16.18.33,57341,46910,3425,3737,2237,1083,451,309,60,48
641,2020.3.8.16.18.34,365635,33390,7029,5794,8251,2295,1143,1090,53,43
642,2020.3.8.16.18.35,802085,108525,39098,11882,6385,10431,3869,4849,51,38
643,2020.3.8.16.18.36,178371,170486,1980,8736,5173,3089,1985,4977,24,24
644,2020.3.8.16.18.37,68466,4050,114,1274,1483,1294,363,136,29,48
645,2020.3.8.16.18.38,559882,24758,37671,11290,10533,7493,4589,1490,43,54
646,2020.3.8.16.18.39,572641,52087,15282,18690,12962,17442,8838,4516,44,64
647,2020.3.8.16.18.40,145848,27327,4967,3434,3798,2979,698,1060,60,80
648,2020.3.8.16.18.41,127729,45773,5743,5142,7122,5305,3649,1135,60,69
649,2020.3.8.16.18.42,450930,47879,17468,51985,10880,9253,10175,5938,57,67
650,2020.3.8.16.18.43,1074639,149741,71404,79409,44244,13146,5369,8295,64,53
651,2020.3.8.16.18.44,446236,18298,5294,4083,3355,1890,388,372,64,53
652,2020.3.8.16.18.45,393446,161338,163718,13468,28255,30333,14632,6237,78,53
653,2020.3.8.16.18.46,1838759,58535,6480,22261,23893,8557,3981,3894,84,54
654,2020.3.8.16.18.47,210559,15898,870,3167,6888,3346,2597,393,64,61
655,2020.3.8.16.18.48,317794,61218,6132,2126,1590,3356,766,1579,43,63
656,2020.3.8.16.18.49,870555,75159,21145,18601,18017,17141,11906,5808,35,67
657,2020.3.8.16.18.50,1088568,97725,9205,14057,34571,8291,2520,3270,26,64
658,2020.3.8.16.18.51,74076,2382,4715,2696,2855,4063,2042,1874,44,74
659,2020.3.8.16.18.52,114623,17965,2505,3950,5099,8388,1427,2791,50,93
660,2020.3.8.16.18.53,58736,20400,4628,2050,1034,2916,383,303,48,90
661,2020.3.8.16.18.54,671419,29220,14449,25714,20928,39528,18770,9699,60,100
662,2020.3.8.16.18.55,122618,7947,4364,1059,1432,897,789,137,54,91
663,2020.3.8.16.18.56,2213647,29216,24344,12711,16616,13035,2198,3501,54,91
664,2020.3.8.16.18.57,125510,18835,3614,4032,7657,4392,1482,1193,56,83
665,2020.3.8.16.18.58,164640,30576,5388,750,1875,1267,865,435,50,74
666,2020.3.8.16.18.59,40415,18021,8421,6708,10938,5178,1931,1488,48,61
667,2020.3.8.16.19.0,303936,50937,10949,5131,7837,13131,5427,1471,40,69
668,2020.3.8.16.19.1,42261,42692,33282,20605,9847,16870,14676,6939,53,70
669,2020.3.8.16.19.2,78242,46777,8297,6666,2428,4282,5153,1409,60,78
670,2020.3.8.16.19.3,589468,301549,47763,16340,31544,16849,4049,8065,50,66
671,2020.3.8.16.19.4,153951,144099,11132,7972,20488,12328,6784,4162,43,60
672,2020.3.8.16.19.5,189153,93772,23317,7553,10131,10243,4417,2411,30,51
673,2020.3.8.16.19.6,145658,14481,8757,7154,3910,5495,1213,1628,43,60
674,2020.3.8.16.19.7,733823,135033,33842,5971,9558,4992,2097,1267,44,54
675,2020.3.8.16.19.8,451827,56176,54677,16435,29477,16488,6385,5353,66,60
676,2020.3.8.16.19.9,37918,28510,1779,24414,3057,12046,2964,4343,75,69
677,2020.3.8.16.19.10,464674,72898,25914,29625,19166,14927,7227,3675,69,64
678,2020.3.8.16.19.11,1163058,75804,18294,5742,26188,8740,4104,10634,67,75
679,2020.3.8.16.19.12,255769,68855,8975,15883,10410,8358,2679,3048,57,70
680,2020.3.8.16.19.13,856740,231674,24230,9688,24182,18216,5724,9379,41,61
681,2020.3.8.16.19.14,57651,77998,35205,18665,16900,29862,7378,3995,38,66
682,2020.3.8.16.19.15,94032,97329,2857,9249,37195,15923,11312,2795,26,70
683,2020.3.8.16.19.16,18964,52935,11848,45507,29319,9658,5275,5597,35,70
684,2020.3.8.16.19.17,127810,26173,1734,2520,2967,3661,5142,2434,35,77
685,2020.3.8.16.19.18,151941,181715,13633,10297,21790,7939,1432,2104,20,61
686,2020.3.8.16.19.19,382011,196946,49927,35201,12932,8005,4693,5178,40,47
687,2020.3.8.16.19.20,163212,33583,11970,3315,7396,7551,1303,1021,30,53
688,2020.3.8.16.19.21,279972,14351,4746,8799,3614,4967,2796,1329,50,56
689,2020.3.8.16.19.22,84407,168993,9707,16499,16893,13143,3542,4555,51,60
690,2020.3.8.16.19.23,1103311,76519,27139,91317,8698,11433,4875,6688,64,67
691,2020.3.8.16.19.24,23212,9349,7249,4429,6498,3136,2322,2332,70,66
692,2020.3.8.16.19.25,182778,34546,18746,13696,10919,9183,8174,6835,70,63
693,2020.3.8.16.19.26,271106,98458,66088,24868,19165,50404,18893,6412,88,77
694,2020.3.8.16.19.27,825557,395468,111667,57524,47562,21792,11762,14014,74,70
695,2020.3.8.16.19.28,178827,141791,57884,60061,34674,31627,9764,10383,74,69
696,2020.3.8.16.19.29,44225,43622,11312,7471,10028,13666,12239,6186,64,75
697,2020.3.8.16.19.30,631721,215759,49994,19697,15376,16777,18433,24711,56,61
698,2020.3.8.16.19.31,562103,165809,32720,49896,32297,48914,19318,19795,54,77
699,2020.3.8.16.19.32,343334,199958,28613,22511,3270,6202,6029,1886,44,60
700,2020.3.8.16.19.33,90869,33317,3767,1607,7181,1956,3371,777,37,48
701,2020.3.8.16.19.34,213754,72068,8843,3716,4893,5639,2954,1968,29,48
702,2020.3.8.16.19.35,123318,18318,2920,2375,1788,1550,2586,1536,26,40
703,2020.3.8.16.19.36,193680,13829,3595,3881,10838,1782,1035,531,27,50
704,2020.3.8.16.19.37,181814,145951,74392,5118,22360,13676,7958,4356,43,51
705,2020.3.8.16.19.38,33968,23749,3743,1108,2297,524,589,184,47,41
706,2020.3.8.16.19.39,232081,393198,42912,13970,30735,11982,12613,6423,38,34
707,2020.3.8.16.19.40,216079,16593,66754,52277,26949,11766,2766,3531,57,34
708,2020.3.8.16.19.41,231204,56091,5394,13428,12605,8309,2312,5637,51,38
709,2020.3.8.16.19.42,88284,14687,1609,460,1926,798,937,219,47,44
710,2020.3.8.16.19.43,119484,87453,2813,21480,8855,11139,2134,1289,51,56
711,2020.3.8.16.19.44,588096,19760,3862,6158,3504,3066,1008,1285,34,57
712,2020.3.8.16.19.45,1174462,113724,56478,14843,32639,6632,6132,5202,40,48
713,2020.3.8.16.19.46,108386,13540,3350,599,3453,6571,2735,713,43,66
714,2020.3.8.16.19.47,29243,11135,4372,8089,2286,6929,1675,1501,54,77
715,2020.3.8.16.19.48,223038,36220,3698,10435,3864,1182,878,1145,53,64
716,2020.3.8.16.19.49,514380,64285,25765,15513,8360,9013,8444,6702,54,74
717,2020.3.8.16.19.50,66339,4446,8720,1862,5824,4619,2350,634,69,70
718,2020.3.8.16.19.51,54825,27075,13801,12040,5706,20671,9492,13388,66,75
719,2020.3.8.16.19.52,92424,19310,12310,2554,3136,2557,1071,2000,74,84
720,2020.3.8.16.19.53,107989,22287,10601,5883,2878,3938,1514,1700,74,87
721,2020.3.8.16.19.54,37838,14971,1241,903,817,804,505,432,54,67
722,2020.3.8.16.19.55,84798,22034,34092,14398,18228,12795,9925,6919,63,60
723,2020.3.8.16.19.56,239076,97508,28338,33443,38785,15634,5923,8575,57,64
724,2020.3.8.16.19.57,2068036,202502,28610,7227,32798,4828,2639,1719,43,50
725,2020.3.8.16.19.58,217486,128734,3546,19785,8834,14141,5202,3133,44,56
726,2020.3.8.16.19.59,379899,28011,45382,9958,11002,8114,15981,3878,48,50
727,2020.3.8.16.20.0,944168,148586,62629,27011,19166,24421,6826,10217,50,50
728,2020.3.8.16.20.1,1955920,54550,6720,9038,5204,14272,7841,2233,53,69
729,2020.3.8.16.20.2,2966171,79725,22521,28218,118518,13458,10249,4204,60,70
730,2020.3.8.16.20.3,97189,80987,4506,5957,5443,3113,1355,1145,35,61
731,2020.3.8.16.20.4,2128089,522576,36125,18597,27307,32030,10179,25463,17,57
732,2020.3.8.16.20.5,167945,146613,5855,31540,17710,18782,4644,23937,17,51
733,2020.3.8.16.20.6,261052,32565,18913,9513,20763,9389,3708,5928,23,56
734,2020.3.8.16.20.7,2428810,174665,11511,51899,27323,8082,11634,8119,34,56
735,2020.3.8.16.20.8,234701,395496,35742,21205,59862,19729,32406,13735,35,53
736,2020.3.8.16.20.9,30181,44434,3885,1395,9566,2287,1298,2286,26,44
737,2020.3.8.16.20.10,86836,36976,1893,1728,4082,2528,1864,2498,10,37
738,2020.3.8.16.20.11,712757,133259,163269,33876,14780,18183,3510,2605,23,41
739,2020.3.8.16.20.12,75040,41186,7882,4359,7102,3358,3203,851,30,44
740,2020.3.8.16.20.13,135169,266876,4155,70353,52384,10375,7103,6619,40,41
741,2020.3.8.16.20.14,2049037,539876,193078,32760,36941,19144,10908,10246,56,34
742,2020.3.8.16.20.15,5464,12666,6595,4617,3485,1771,1583,1767,48,35
743,2020.3.8.16.20.16,101666,8831,1654,3148,1147,1234,256,147,56,38
744,2020.3.8.16.20.17,477972,43885,2020,10411,14703,4426,2516,2841,54,47
745,2020.3.8.16.20.18,152995,18643,15663,20817,27517,15733,6671,4510,57,69
746,2020.3.8.16.20.19,533647,18090,6745,10457,11211,14153,10240,6458,54,84
747,2020.3.8.16.20.20,317561,33907,24878,13102,5662,4540,3198,1283,63,81
748,2020.3.8.16.20.21,11437,50514,24486,8490,12747,1877,3299,677,74,69
749,2020.3.8.16.20.22,37129,44522,8419,4209,16328,8172,4854,6273,61,63
750,2020.3.8.16.20.23,28710,179856,14952,29207,21970,15412,5946,7621,53,48
751,2020.3.8.16.20.24,2393317,477281,17721,34865,40409,26900,5966,5692,27,47
752,2020.3.8.16.20.25,82013,54950,1875,1564,5164,2220,1087,973,1,51
753,2020.3.8.16.20.26,49983,50367,12030,24526,9024,13568,4478,2211,13,51
754,2020.3.8.16.20.27,148875,20649,7509,3338,5437,3063,965,1986,20,53
755,2020.3.8.16.20.28,451065,23248,5933,579,1722,2112,469,525,29,56
756,2020.3.8.16.20.29,62909,2855,430,4856,3815,2585,2224,2079,56,77
757,2020.3.8.16.20.30,3231,22872,4309,1681,2803,3215,1178,1809,44,74
758,2020.3.8.16.20.31,143524,97476,131617,34148,27923,9740,9123,3779,57,64
759,2020.3.8.16.20.32,212573,30909,12472,7138,5039,1826,883,342,67,57
760,2020.3.8.16.20.33,1600429,287060,41359,26868,68229,23723,6541,5775,56,43
761,2020.3.8.16.20.34,65754,33003,4980,16064,8101,3187,2997,1269,66,38
762,2020.3.8.16.20.35,281620,33318,12948,20855,14546,7993,8986,7052,60,50
763,2020.3.8.16.20.36,45746,26347,14998,4276,5715,2058,3715,1402,61,51
764,2020.3.8.16.20.37,984404,54516,32628,8022,10333,11519,11053,10512,70,57
765,2020.3.8.16.20.38,986069,187135,59357,28483,22605,31106,13665,5851,67,63
766,2020.3.8.16.20.39,1438271,102810,19815,19770,8294,14858,8252,7670,57,63
767,2020.3.8.16.20.40,117828,140854,9238,33483,16626,11897,7806,4410,50,64
768,2020.3.8.16.20.41,183214,26426,100965,11015,17843,16259,7951,6408,64,64
769,2020.3.8.16.20.42,1579572,164944,7384,46753,42004,61983,8925,11330,57,74
770,2020.3.8.16.20.43,603196,128962,4883,13087,2999,2583,2259,2074,48,57
771,2020.3.8.16.20.44,1102737,456206,64190,144964,25363,41198,9282,20887,53,57
772,2020.3.8.16.20.45,3770,6940,9783,2895,4272,1575,542,1054,47,54
773,2020.3.8.16.20.46,581214,486326,98294,60219,31357,32443,16305,9687,50,38
774,2020.3.8.16.20.47,325445,42137,7837,10454,15859,20400,19899,4265,56,64
775,2020.3.8.16.20.48,326851,42507,5661,4062,6016,8044,6523,1658,48,74
776,2020.3.8.16.20.49,202599,338769,9638,10687,19795,43170,46161,8449,14,78
777,2020.3.8.16.20.50,570464,262216,25541,63528,28069,24377,14828,11652,14,80
778,2020.3.8.16.20.51,348367,76830,28261,8718,11238,3836,1616,1549,21,57
779,2020.3.8.16.20.52,270030,25700,6677,6304,10786,1821,1001,583,27,48
780,2020.3.8.16.20.53,80789,131135,6106,24485,27627,9320,17512,4984,43,41
781,2020.3.8.16.20.54,13987,7924,2275,3935,1208,1308,1124,1204,51,44
782,2020.3.8.16.20.55,349689,53903,4551,20853,13603,20382,11095,7051,48,63
783,2020.3.8.16.20.56,201811,62261,8141,17914,14133,25832,22112,11701,44,80
784,2020.3.8.16.20.57,194373,29543,6510,647,11040,4127,2550,1811,43,87
785,2020.3.8.16.20.58,396204,68130,36780,73123,12040,16201,7163,6604,51,87
786,2020.3.8.16.20.59,223634,124231,37996,18098,39286,27167,6021,3984,51,81
787,2020.3.8.16.21.0,968471,27624,2714,3163,7199,3014,848,369,51,81
788,2020.3.8.16.21.1,18865,1852,298,1125,887,1049,208,474,56,83
789,2020.3.8.16.21.2,1022946,76696,27746,5131,17362,6204,10646,13356,64,77
790,2020.3.8.16.21.3,110811,58458,16821,5905,8940,7750,1985,1395,50,77
791,2020.3.8.16.21.4,54176,42221,6386,21355,25503,12188,6096,7863,51,78
792,2020.3.8.16.21.5,144654,23638,19702,2869,10701,5252,9043,10419,56,66
793,2020.3.8.16.21.6,21769,15789,16006,17754,33583,13326,5497,6065,60,81
794,2020.3.8.16.21.7,287828,38416,4211,11975,4357,6758,5544,1555,61,83
795,2020.3.8.16.21.8,135899,13967,7245,9459,5383,3489,2023,1656,69,80
796,2020.3.8.16.21.9,146128,20967,2414,10097,8914,2646,3983,1537,64,75
797,2020.3.8.16.21.10,94831,117862,60932,20854,37520,14943,10366,14729,63,63
798,2020.3.8.16.21.11,71852,24978,9367,3334,4438,2182,604,802,64,56
799,2020.3.8.16.21.12,1380631,316573,11292,19195,12386,12756,9827,4161,41,47
800,2020.3.8.16.21.13,38057,66953,3840,10285,11914,13523,11476,6015,30,54
801,2020.3.8.16.21.14,449754,32600,5253,2705,10957,17499,3369,9195,17,70
802,2020.3.8.16.21.15,12782,43774,11157,15555,10654,10695,6291,4334,17,80
803,2020.3.8.16.21.16,207424,21388,2323,1774,1405,998,420,335,27,81
804,2020.3.8.16.21.17,77126,19512,2350,8720,1249,1816,1006,587,40,70
805,2020.3.8.16.21.18,1009712,83193,16824,23654,10260,5576,1850,1737,51,48
806,2020.3.8.16.21.19,121913,15498,3211,4804,1516,5022,894,1106,50,51
807,2020.3.8.16.21.20,109166,12541,1884,3415,3357,2165,922,1263,54,61
808,2020.3.8.16.21.21,1131076,31287,30015,18030,23641,11293,9113,10005,57,69
809,2020.3.8.16.21.22,697408,76216,14051,6648,17969,31127,54893,20684,50,90
810,2020.3.8.16.21.23,112580,29418,4424,1249,7006,6166,13991,10649,38,88
811,2020.3.8.16.21.24,247219,181471,84988,17799,31284,25129,31307,19656,41,84
812,2020.3.8.16.21.25,143697,11305,1696,729,4343,1772,396,507,24,83
813,2020.3.8.16.21.26,167282,13024,1019,2044,1233,1503,1184,443,26,70
814,2020.3.8.16.21.27,218765,243039,99142,23709,21382,11130,11841,5264,38,53
815,2020.3.8.16.21.28,289685,53871,9688,4753,4574,5393,1072,945,30,51
816,2020.3.8.16.21.29,1853048,53554,30106,6641,26402,14037,11281,5643,43,53
817,2020.3.8.16.21.30,11838,14835,10677,4567,2665,5263,2245,923,56,60
818,2020.3.8.16.21.31,25272,39860,5943,20443,24855,12906,4413,10178,54,78
819,2020.3.8.16.21.32,86379,18418,2469,3760,4656,4729,3384,4164,54,87
820,2020.3.8.16.21.33,81054,48975,22040,50950,26503,17630,6453,5953,61,87
821,2020.3.8.16.21.34,44309,47955,13642,23663,7613,24290,31627,8449,57,90
822,2020.3.8.16.21.35,84395,30467,9203,2409,5002,5849,1957,2886,56,88
823,2020.3.8.16.21.36,319997,58600,11297,14849,13085,25255,19781,5748,57,91
824,2020.3.8.16.21.37,449607,121710,13240,11367,3916,4268,2932,2948,43,77
825,2020.3.8.16.21.38,304942,139376,26760,96290,50353,34625,16547,8456,44,69
826,2020.3.8.16.21.39,17179,16406,2850,6220,3048,4131,3552,877,50,74
827,2020.3.8.16.21.40,16514,78632,35006,17079,5689,9649,12214,7302,56,60
828,2020.3.8.16.21.41,90296,13875,987,6032,2329,3546,1420,1214,63,75
829,2020.3.8.16.21.42,38550,39503,10678,10641,10821,15086,12955,7600,56,81
830,2020.3.8.16.21.43,931850,247628,40307,18385,9918,26541,22985,15329,50,74
831,2020.3.8.16.21.44,242832,36688,21178,17297,27662,6560,3081,1543,50,75
832,2020.3.8.16.21.45,22387,17805,7636,7893,3047,4844,2941,1285,56,74
833,2020.3.8.16.21.46,23549,17198,13079,26588,15147,15359,8567,6030,67,74
834,2020.3.8.16.21.47,106537,27658,3005,2826,3940,3805,9899,2249,64,77
835,2020.3.8.16.21.48,1132856,132847,16791,32115,19987,8195,7698,8717,57,70
836,2020.3.8.16.21.49,217415,18434,4045,3224,3765,6303,3755,1352,48,77
837,2020.3.8.16.21.50,116248,66202,28046,20842,24621,8602,10943,4999,41,64
838,2020.3.8.16.21.51,6209,39582,34613,43664,7909,10825,17100,8168,64,63
839,2020.3.8.16.21.52,948745,85175,8328,17244,25770,25076,27279,12622,60,78
840,2020.3.8.16.21.53,151929,74957,17452,5770,10680,6292,4607,2327,57,64
841,2020.3.8.16.21.54,190328,49145,22945,7556,4894,8307,6367,2747,57,67
842,2020.3.8.16.21.55,84381,35464,19226,5794,20397,21063,7473,4048,43,81
843,2020.3.8.16.21.56,138220,69848,22471,4275,8109,5231,1062,1342,50,67
844,2020.3.8.16.21.57,113185,11645,14769,4540,7599,7306,2946,919,61,78
845,2020.3.8.16.21.58,536416,151342,30339,5802,15142,20656,13387,3947,53,78
846,2020.3.8.16.21.59,41326,97337,1647,5718,1559,1953,2455,1609,37,51
847,2020.3.8.16.22.0,209993,27154,4826,1909,9437,5452,1776,1324,27,60
848,2020.3.8.16.22.1,216805,22564,13064,7018,6335,5822,4182,2014,24,56
849,2020.3.8.16.22.2,204837,186794,12111,1412,6933,3162,2824,1927,13,38
850,2020.3.8.16.22.3,97642,38825,3489,16285,7289,1731,3643,2107,30,40
851,2020.3.8.16.22.4,693914,73228,20829,6572,19645,10166,5858,4318,38,37
852,2020.3.8.16.22.5,33218,22881,32382,18543,19022,34442,9481,9553,40,48
853,2020.3.8.16.22.6,105025,8081,3988,747,1022,1532,882,330,61,66
854,2020.3.8.16.22.7,3227,11901,8057,4624,6260,4364,1476,1154,64,83
855,2020.3.8.16.22.8,91293,49314,30462,24940,12290,8109,7510,4883,77,81
856,2020.3.8.16.22.9,1270484,227549,123352,16338,54320,39001,23738,17244,77,81
857,2020.3.8.16.22.10,484463,38372,12948,5738,6823,2739,845,566,77,81
858,2020.3.8.16.22.11,48367,146949,4728,4783,7611,2232,1072,3333,50,50
859,2020.3.8.16.22.12,124521,8348,372,1610,2176,1558,1892,1037,40,51
860,2020.3.8.16.22.13,840286,116882,14450,11216,14933,16642,9151,16085,24,48
861,2020.3.8.16.22.14,240455,116521,14894,31868,14391,15437,8321,3282,16,51
862,2020.3.8.16.22.15,161821,39828,5394,6516,7450,7574,1723,2168,29,74
863,2020.3.8.16.22.16,578081,9379,5610,2697,4032,1708,694,214,43,67
864,2020.3.8.16.22.17,230221,53331,28161,11344,14869,10989,1421,937,43,67
865,2020.3.8.16.22.18,187579,37824,6615,3956,2550,1950,759,198,48,57
866,2020.3.8.16.22.19,148558,10935,20743,21089,11668,12115,21084,8744,61,66
867,2020.3.8.16.22.20,49559,25865,13443,15900,3266,10993,3096,3201,77,67
868,2020.3.8.16.22.21,24409,10253,5150,3915,5608,4039,2919,1299,74,77
869,2020.3.8.16.22.22,151189,83136,49232,13874,7979,4209,3139,2906,84,74
870,2020.3.8.16.22.23,507156,69257,7354,22992,20855,22574,6805,4683,67,74
871,2020.3.8.16.22.24,553753,15600,18679,4633,2231,2830,2075,1301,70,63
872,2020.3.8.16.22.25,93871,27586,3860,7797,2842,1774,1468,934,69,48
873,2020.3.8.16.22.26,670328,58371,4933,2037,6703,12100,8500,7106,47,64
874,2020.3.8.16.22.27,40179,19879,11562,3874,4939,4396,4036,2632,53,60
875,2020.3.8.16.22.28,1256339,330937,84093,30209,28345,25809,5248,5356,40,57
876,2020.3.8.16.22.29,60401,27224,5340,5435,10371,4136,2011,3105,37,66
877,2020.3.8.16.22.30,229719,23443,19625,8947,9289,4206,1814,3503,57,60
878,2020.3.8.16.22.31,1111231,240581,11182,5321,12403,6892,4600,6480,37,44
879,2020.3.8.16.22.32,68228,31146,6259,8328,5125,3675,1517,1363,40,48
880,2020.3.8.16.22.33,270420,32744,16628,13186,29303,16261,8083,3216,43,54
881,2020.3.8.16.22.34,193743,25530,22479,14817,6235,2551,2183,2298,48,47
882,2020.3.8.16.22.35,263690,26496,6442,2063,2737,2405,731,553,63,56
883,2020.3.8.16.22.36,77149,11211,1480,499,2647,1099,229,146,51,56
884,2020.3.8.16.22.37,263507,92003,3463,3583,5148,7653,3387,3884,34,47
885,2020.3.8.16.22.38,480676,57084,58293,15985,8459,4341,1470,2720,34,44
886,2020.3.8.16.22.39,883300,133640,66598,28414,20357,7081,3826,3412,41,37
887,2020.3.8.16.22.40,137146,33465,19310,4579,3817,12267,5371,4174,54,44
888,2020.3.8.16.22.41,462436,150453,20505,3650,10405,2876,1355,1884,63,30
889,2020.3.8.16.22.42,1323719,536214,80161,30049,26511,12537,5693,9723,44,26
890,2020.3.8.16.22.43,1078126,304806,179730,50188,69008,11405,8737,7494,47,23
891,2020.3.8.16.22.44,250570,94712,24232,10927,7656,9839,1266,1458,41,14
892,2020.3.8.16.22.45,223040,146896,40277,20925,18968,22403,4759,3297,51,30
893,2020.3.8.16.22.46,688473,256295,49883,24433,42631,20265,5062,3668,53,40
894,2020.3.8.16.22.47,1063300,35171,5298,5807,19981,6219,680,510,40,57
895,2020.3.8.16.22.48,440532,104605,7546,3712,3639,2280,974,407,26,44
896,2020.3.8.16.22.49,1660906,139980,67209,30152,39806,11051,5719,3755,30,38
897,2020.3.8.16.22.50,67075,58253,19084,9403,6324,5176,1396,918,35,38
898,2020.3.8.16.22.51,852873,192811,31337,5016,42467,31197,9655,4741,30,40
899,2020.3.8.16.22.52,303913,50475,4994,12419,12586,3502,757,556,41,48
900,2020.3.8.16.22.53,97694,21289,10740,2795,1937,3477,264,525,41,54
901,2020.3.8.16.22.54,78759,28449,1729,4317,3098,919,481,311,34,47
902,2020.3.8.16.22.56,463274,62522,25839,35062,21324,14964,11121,2475,57,41
903,2020.3.8.16.22.57,372505,32811,18792,6416,2691,10383,4587,551,57,47
904,2020.3.8.16.22.58,633684,56642,4186,9160,3000,4847,924,469,57,47
